bird,abundance,img,ebird,wikipedia,allaboutbirds,male,female,winter,early spring,late spring,summer,post breeding,early fall,late fall
Snow Goose,RRX--XU,https://upload.wikimedia.org/wikipedia/commons/1/1f/Snow_goose_in_Central_Park_%2833138%29.jpg,https://ebird.org/species/snogoo,https://en.wikipedia.org/wiki/Snow_goose,https://www.allaboutbirds.org/guide/Snow_Goose/overview,,,5 - rare,5 - rare,6 - extremely rare,,,6 - extremely rare,4 - uncommon
Ross's Goose,RR----R,https://upload.wikimedia.org/wikipedia/commons/4/4b/Ross%27s_Goose_%28Chen_rossii%29_%2823321411711%29.jpg,https://ebird.org/species/rosgoo/,https://en.wikipedia.org/wiki/Ross%27s_goose,https://www.allaboutbirds.org/guide/Rosss_Goose/overview,,,5 - rare,5 - rare,,,,,5 - rare
Greater White-fronted Goose,RR----U,https://upload.wikimedia.org/wikipedia/commons/4/4f/Anser_albifrons_30050.JPG,https://ebird.org/species/gwfgoo,https://en.wikipedia.org/wiki/Greater_white-fronted_goose,https://www.allaboutbirds.org/guide/Greater_White-fronted_Goose/overview,,,5 - rare,5 - rare,,,,,4 - uncommon
Cackling Goose,UU---RU,https://upload.wikimedia.org/wikipedia/commons/b/b4/AleutianCanadaGoose2.jpg,https://ebird.org/species/cacgoo1,https://en.wikipedia.org/wiki/Cackling_goose,https://www.allaboutbirds.org/guide/Cackling_Goose/overview,,,4 - uncommon,4 - uncommon,,,,5 - rare,4 - uncommon
Canada Goose,AAACCAA,https://upload.wikimedia.org/wikipedia/commons/4/40/Canada_goose_on_Seedskadee_NWR_%2827826185489%29.jpg,https://ebird.org/species/cangoo/,https://en.wikipedia.org/wiki/Canada_goose,https://www.allaboutbirds.org/guide/Canada_Goose/overview,,,1 - abundant,1 - abundant,1 - abundant,2 - common,2 - common,1 - abundant,1 - abundant
Trumpeter Swan,XX----X,https://upload.wikimedia.org/wikipedia/commons/d/d8/Trumpeter_swans_in_winter.jpg,https://ebird.org/species/truswa,https://en.wikipedia.org/wiki/Trumpeter_swan,https://www.allaboutbirds.org/guide/Trumpeter_Swan/overview,,,6 - extremely rare,6 - extremely rare,,,,,6 - extremely rare
Tundra Swan,XX----R,https://upload.wikimedia.org/wikipedia/commons/4/4a/Cygnus_bewickii_01.jpg,https://ebird.org/species/tunswa,https://en.wikipedia.org/wiki/Tundra_swan,https://www.allaboutbirds.org/guide/Tundra_Swan,,,6 - extremely rare,6 - extremely rare,,,,,5 - rare
Wood Duck,RFFFFFF,https://upload.wikimedia.org/wikipedia/commons/d/d3/Wood_Duck_%28Aix_sponsa%29%2C_Parc_du_Rouge-Clo%C3%AEtre%2C_Brussels.jpg,https://ebird.org/species/wooduc,https://en.wikipedia.org/wiki/Wood_duck,https://www.allaboutbirds.org/guide/wood_duck,,,5 - rare,3 - fairly common,3 - fairly common,3 - fairly common,3 - fairly common,3 - fairly common,3 - fairly common
Blue-winged Teal,-FCUUCF,https://upload.wikimedia.org/wikipedia/commons/6/65/Blue-Winged_Teal.jpg,https://ebird.org/species/buwtea,https://en.wikipedia.org/wiki/Blue-winged_teal,https://www.allaboutbirds.org/guide/Blue-winged_Teal/overview,,,,3 - fairly common,2 - common,4 - uncommon,4 - uncommon,2 - common,3 - fairly common
Northern Shoveler,RFUXXUU,https://upload.wikimedia.org/wikipedia/commons/a/a7/Northern_shoveler_Steve_Sinclair_outreach_use_only_%2819838806616%29.jpg,https://ebird.org/species/norsho,https://en.wikipedia.org/wiki/Northern_shoveler,https://www.allaboutbirds.org/guide/Northern_Shoveler,,,5 - rare,3 - fairly common,4 - uncommon,6 - extremely rare,6 - extremely rare,4 - uncommon,4 - uncommon
Gadwall,RFR-XRF,https://upload.wikimedia.org/wikipedia/commons/9/9a/Gadwall-Anas-strepera.jpg,https://ebird.org/species/gadwal,https://en.wikipedia.org/wiki/Gadwall,https://www.allaboutbirds.org/guide/gadwall,,,5 - rare,3 - fairly common,5 - rare,,6 - extremely rare,5 - rare,3 - fairly common
American Wigeon,XFR--RF,https://upload.wikimedia.org/wikipedia/commons/b/b5/Anas_americana_-_drake.jpg,https://ebird.org/species/amewig,https://en.wikipedia.org/wiki/American_wigeon,https://www.allaboutbirds.org/guide/American_Wigeon/overview,,,6 - extremely rare,3 - fairly common,5 - rare,,,5 - rare,3 - fairly common
Mallard,CAACCAA,https://upload.wikimedia.org/wikipedia/commons/b/bf/Anas_platyrhynchos_male_female_quadrat.jpg,https://ebird.org/species/mallar3,https://en.wikipedia.org/wiki/Mallard,https://www.allaboutbirds.org/guide/Mallard/overview,,,2 - common,1 - abundant,1 - abundant,2 - common,2 - common,1 - abundant,1 - abundant
American Black Duck,FFR-XXU,https://upload.wikimedia.org/wikipedia/commons/e/ea/Anas_Rubripes_and_Anas_Platyrhynchos_August_2008.JPG,https://ebird.org/species/ambduc/,https://en.wikipedia.org/wiki/American_black_duck,https://www.allaboutbirds.org/guide/American_Black_Duck/overview,,,3 - fairly common,3 - fairly common,5 - rare,,6 - extremely rare,6 - extremely rare,4 - uncommon
Northern Pintail,UUX--RU,https://upload.wikimedia.org/wikipedia/commons/0/0b/Northern_Pintails_%28Male_%26_Female%29_I_IMG_0911.jpg,https://ebird.org/species/norpin,https://en.wikipedia.org/wiki/Northern_pintail,https://www.allaboutbirds.org/guide/Northern_Pintail/overview,,,4 - uncommon,4 - uncommon,6 - extremely rare,,,5 - rare,4 - uncommon
Green-winged Teal,RFRXXFC,https://upload.wikimedia.org/wikipedia/commons/0/07/Green-winged_Teal%2C_Port_Aransas%2C_Texas.jpg,https://ebird.org/species/gnwtea,https://en.wikipedia.org/wiki/Green-winged_teal,https://www.allaboutbirds.org/guide/Green-winged_Teal/overview,,,5 - rare,3 - fairly common,5 - rare,6 - extremely rare,6 - extremely rare,3 - fairly common,2 - common
Canvasback,RU----U,https://upload.wikimedia.org/wikipedia/commons/e/e1/Aythya_valisineria_at_Las_Gallinas_Wildlife_Ponds.jpg,https://ebird.org/species/canvas,https://en.wikipedia.org/wiki/Canvasback,https://www.allaboutbirds.org/guide/Canvasback/overview,,,5 - rare,4 - uncommon,,,,,4 - uncommon
Redhead,RUR---U,https://upload.wikimedia.org/wikipedia/commons/0/0b/Redhead_duck_%28Aythya_americana%2C_male%29.jpg,https://ebird.org/species/redhea,https://en.wikipedia.org/wiki/Redhead_(bird),https://www.allaboutbirds.org/guide/Redhead/overview,,,5 - rare,4 - uncommon,5 - rare,,,,4 - uncommon
Ring-necked Duck,RCF---F,https://upload.wikimedia.org/wikipedia/commons/9/9a/Aythya-collaris-001.jpg,https://ebird.org/species/rinduc,https://en.wikipedia.org/wiki/Ring-necked_duck,https://www.allaboutbirds.org/guide/Ring-necked_Duck/overview,,,5 - rare,2 - common,3 - fairly common,,,,3 - fairly common
Greater Scaup,XRX---X,https://upload.wikimedia.org/wikipedia/commons/f/fb/Greater-scaup-male2.jpg,https://ebird.org/species/gresca,https://en.wikipedia.org/wiki/Greater_scaup,https://www.allaboutbirds.org/guide/Greater_Scaup/overview,,,6 - extremely rare,5 - rare,6 - extremely rare,,,,6 - extremely rare
Lesser Scaup,RCU---F,https://upload.wikimedia.org/wikipedia/commons/b/b1/Lesser_scaup_-_Aythya_affinis.jpg,https://ebird.org/species/lessca,https://en.wikipedia.org/wiki/Lesser_scaup,https://www.allaboutbirds.org/guide/Lesser_Scaup/overview,,,5 - rare,2 - common,4 - uncommon,,,,3 - fairly common
Surf Scoter,-XX---X,https://upload.wikimedia.org/wikipedia/commons/1/10/Melanitta_perspicillata.jpg,https://ebird.org/species/sursco,https://en.wikipedia.org/wiki/Surf_scoter,https://www.allaboutbirds.org/guide/Surf_Scoter/overview,,,,6 - extremely rare,6 - extremely rare,,,,6 - extremely rare
White-winged Scoter,XX----X,https://upload.wikimedia.org/wikipedia/commons/f/ff/White-winged_Scoter.jpg,https://ebird.org/species/whwsco2,https://en.wikipedia.org/wiki/White-winged_scoter,https://www.allaboutbirds.org/guide/White-winged_Scoter/overview,,,6 - extremely rare,6 - extremely rare,,,,,6 - extremely rare
Black Scoter,-----XX,https://upload.wikimedia.org/wikipedia/commons/2/2c/Melanitta_americana_Barnegat_NJ.jpg,https://ebird.org/species/blksco2/,https://en.wikipedia.org/wiki/Black_scoter,https://www.allaboutbirds.org/guide/Black_Scoter/overview,,,,,,,,6 - extremely rare,6 - extremely rare
Bufflehead,XFU---F,https://upload.wikimedia.org/wikipedia/commons/0/0f/Bucephala-albeola-007.jpg,https://ebird.org/species/buffle,https://en.wikipedia.org/wiki/Bufflehead,https://www.allaboutbirds.org/guide/Bufflehead/overview,,,6 - extremely rare,3 - fairly common,4 - uncommon,,,,3 - fairly common
Common Goldeneye,FF----F,https://upload.wikimedia.org/wikipedia/commons/3/34/Common_Goldeneye_%28Bucephala_clangula%29.jpg,https://ebird.org/species/comgol,https://en.wikipedia.org/wiki/Common_goldeneye,https://www.allaboutbirds.org/guide/Common_Goldeneye/overview,,,3 - fairly common,3 - fairly common,,,,,3 - fairly common
Hooded Merganser,RFR--RR,https://upload.wikimedia.org/wikipedia/commons/1/15/Hooded_Merganser_%28Lophodytes_cucullatus%29_%281%29.JPG,https://ebird.org/species/hoomer/,https://en.wikipedia.org/wiki/Hooded_merganser,https://www.allaboutbirds.org/guide/Hooded_Merganser/overview,,,5 - rare,3 - fairly common,5 - rare,,,5 - rare,5 - rare
Common Merganser,UFU---U,https://upload.wikimedia.org/wikipedia/commons/b/be/Mergus_merganser_-Sandwell_-England_-male-8.jpg,https://ebird.org/species/commer,https://en.wikipedia.org/wiki/Common_merganser,https://www.allaboutbirds.org/guide/Common_merganser/overview,,,4 - uncommon,3 - fairly common,4 - uncommon,,,,4 - uncommon
Red-breasted Merganser,XUR---R,https://upload.wikimedia.org/wikipedia/commons/6/65/Mergus_serrator_-New_Jersey_-USA_-winter-8.jpg,https://ebird.org/species/rebmer,https://en.wikipedia.org/wiki/Red-breasted_merganser,https://www.allaboutbirds.org/guide/Red-breasted_Merganser/overview,,,6 - extremely rare,4 - uncommon,5 - rare,,,,5 - rare
Ruddy Duck,XFUXXUU,https://upload.wikimedia.org/wikipedia/commons/b/ba/Ruddy_Duck_%28Oxyura_jamaicensis%29_RWD2.jpg,https://ebird.org/species/rudduc,https://en.wikipedia.org/wiki/Ruddy_duck,https://www.allaboutbirds.org/guide/Ruddy_Duck/overview,,,6 - extremely rare,3 - fairly common,4 - uncommon,6 - extremely rare,6 - extremely rare,4 - uncommon,4 - uncommon
Ring-necked Pheasant,RRRRRRR,https://upload.wikimedia.org/wikipedia/commons/d/d7/Phasianus_colchicus_2_tom_%28Lukasz_Lukasik%29.jpg,https://ebird.org/species/rinphe,https://en.wikipedia.org/wiki/Common_pheasant,https://www.allaboutbirds.org/guide/Ring-necked_Pheasant/overview,,,5 - rare,5 - rare,5 - rare,5 - rare,5 - rare,5 - rare,5 - rare
Wild Turkey (released),RRRRRRR,https://upload.wikimedia.org/wikipedia/commons/5/50/Gall-dindi.jpg,https://ebird.org/species/wiltur,https://en.wikipedia.org/wiki/Wild_turkey,https://www.allaboutbirds.org/guide/wild_turkey/overview,,,5 - rare,5 - rare,5 - rare,5 - rare,5 - rare,5 - rare,5 - rare
Pied-billed Grebe,XFFUUFU,https://upload.wikimedia.org/wikipedia/commons/8/8c/Podilymbus-podiceps-001.jpg,https://ebird.org/species/pibgre,https://en.wikipedia.org/wiki/Pied-billed_grebe,https://www.allaboutbirds.org/guide/Pied-billed_Grebe/overview,,,6 - extremely rare,3 - fairly common,3 - fairly common,4 - uncommon,4 - uncommon,3 - fairly common,4 - uncommon
Horned Grebe,XUU---R,https://upload.wikimedia.org/wikipedia/commons/6/6e/Podiceps_auritus_oisillons.jpg,https://ebird.org/species/horgre,https://en.wikipedia.org/wiki/Horned_grebe,https://www.allaboutbirds.org/guide/Horned_Grebe/overview,,,6 - extremely rare,4 - uncommon,4 - uncommon,,,,5 - rare
Eared Grebe,-XX----,https://upload.wikimedia.org/wikipedia/commons/1/10/Black-necked_Grebe_Schwarzhalstaucher.jpg,https://ebird.org/species/eargre,https://en.wikipedia.org/wiki/Black-necked_grebe,https://www.allaboutbirds.org/guide/Eared_Grebe/overview,,,,6 - extremely rare,6 - extremely rare,,,,
Rock Dove,CCCCCCC,https://upload.wikimedia.org/wikipedia/commons/5/56/Paloma_brav%C3%ADa_%28Columba_livia%29%2C_Palacio_de_Nymphenburg%2C_M%C3%BAnich%2C_Alemania01.JPG,https://ebird.org/species/rocpig,https://en.wikipedia.org/wiki/Rock_dove,https://www.allaboutbirds.org/guide/Rock_Pigeon/overview,,,2 - common,2 - common,2 - common,2 - common,2 - common,2 - common,2 - common
Eurasian Collared-Dove,-RRRRRR,https://upload.wikimedia.org/wikipedia/commons/0/0b/Eurasian_collared-dove_%28Streptopelia_decaocto%29.jpg,https://ebird.org/species/eucdov,https://en.wikipedia.org/wiki/Eurasian_collared_dove,https://www.allaboutbirds.org/guide/Eurasian_Collared-Dove/overview,,,,5 - rare,5 - rare,5 - rare,5 - rare,5 - rare,5 - rare
Mourning Dove,FFCCCCC,https://upload.wikimedia.org/wikipedia/commons/b/b7/Mourning_Dove_2006.jpg,https://ebird.org/species/moudov,https://en.wikipedia.org/wiki/Mourning_dove,https://www.allaboutbirds.org/guide/Mourning_Dove/overview,,,3 - fairly common,3 - fairly common,2 - common,2 - common,2 - common,2 - common,2 - common
Yellow-billed Cuckoo,--UURU-,https://upload.wikimedia.org/wikipedia/commons/3/34/Coccyzus-americanus-001.jpg,https://ebird.org/species/yebcuc,https://en.wikipedia.org/wiki/Yellow-billed_cuckoo,https://www.allaboutbirds.org/guide/Yellow-billed_Cuckoo/overview,,,,,4 - uncommon,4 - uncommon,5 - rare,4 - uncommon,
Black-billed Cuckoo,--URRU-,https://upload.wikimedia.org/wikipedia/commons/6/67/Black-billed-cuckoo2.jpg,https://ebird.org/species/bkbcuc,https://en.wikipedia.org/wiki/Black-billed_cuckoo,https://www.allaboutbirds.org/guide/Black-billed_Cuckoo/overview,,,,,4 - uncommon,5 - rare,5 - rare,4 - uncommon,
Common Nighthawk,--URRU-,https://upload.wikimedia.org/wikipedia/commons/e/eb/Common_Nighthawk_%2814428313550%29.jpg,https://ebird.org/species/comnig,https://en.wikipedia.org/wiki/Common_nighthawk,https://www.allaboutbirds.org/guide/Common_Nighthawk/overview,,,,,4 - uncommon,5 - rare,5 - rare,4 - uncommon,
Eastern Whip-poor-will,--RXX--,https://upload.wikimedia.org/wikipedia/commons/2/20/Caprimulgus_vociferusAAP065B.jpg,https://ebird.org/species/whip-p1,https://en.wikipedia.org/wiki/Eastern_whip-poor-will,https://www.allaboutbirds.org/guide/Eastern_Whip-poor-will/overview,,,,,5 - rare,6 - extremely rare,6 - extremely rare,,
Chimney Swift,-RFFFFF,https://www.allaboutbirds.org/guide/assets/photo/66113891-1280px.jpg,https://ebird.org/species/chiswi/,https://en.wikipedia.org/wiki/Chimney_swift,https://www.allaboutbirds.org/guide/Chimney_Swift/overview,,,,5 - rare,3 - fairly common,3 - fairly common,3 - fairly common,3 - fairly common,3 - fairly common
Ruby-throated Hummingbird,--UUUFX,https://upload.wikimedia.org/wikipedia/commons/f/f3/Archilochus_colubris_%28Male%29.jpg,https://ebird.org/species/rthhum,https://en.wikipedia.org/wiki/Ruby-throated_hummingbird,https://www.allaboutbirds.org/guide/Ruby-throated_Hummingbird/overview,,,,,4 - uncommon,4 - uncommon,4 - uncommon,3 - fairly common,6 - extremely rare
King Rail,--RRR--,https://upload.wikimedia.org/wikipedia/commons/5/5f/KingRail23.jpg,https://ebird.org/species/kinrai4,https://en.wikipedia.org/wiki/King_rail,https://www.allaboutbirds.org/guide/King_Rail/overview,,,,,5 - rare,5 - rare,5 - rare,,
Virginia Rail,-RFRRRX,https://upload.wikimedia.org/wikipedia/commons/a/a1/Rallus_limicola_-Cloisters_Park%2C_Morro_Bay%2C_California%2C_USA-8_%281%29.jpg,https://ebird.org/species/virrai/L566915,https://en.wikipedia.org/wiki/Virginia_rail,https://www.allaboutbirds.org/guide/Virginia_Rail/overview,,,,5 - rare,3 - fairly common,5 - rare,5 - rare,5 - rare,6 - extremely rare
Sora,-FFUFFU,https://upload.wikimedia.org/wikipedia/commons/2/2d/Sora_%28Porzana_carolina%29.jpg,https://ebird.org/species/sora/,https://en.wikipedia.org/wiki/Sora_(bird),https://www.allaboutbirds.org/guide/Sora/overview,,,,3 - fairly common,3 - fairly common,4 - uncommon,3 - fairly common,3 - fairly common,4 - uncommon
Common Gallinule,--RRRR-,https://upload.wikimedia.org/wikipedia/commons/2/20/Common-gallinule-galapagos-casey-klebba.jpg,https://ebird.org/species/comgal1/,https://en.wikipedia.org/wiki/Common_gallinule,https://www.allaboutbirds.org/guide/Common_Gallinule/overview,,,,,5 - rare,5 - rare,5 - rare,5 - rare,
American Coot,XCCUUCF,https://upload.wikimedia.org/wikipedia/commons/f/f5/American-coot-casey-klebba.jpg,https://ebird.org/species/y00475,https://en.wikipedia.org/wiki/American_coot,https://www.allaboutbirds.org/guide/American_Coot/overview,,,6 - extremely rare,2 - common,2 - common,4 - uncommon,4 - uncommon,2 - common,3 - fairly common
Yellow Rail,-XR---X,https://upload.wikimedia.org/wikipedia/commons/6/62/Yellow_Rail.jpg,https://ebird.org/species/yelrai,https://en.wikipedia.org/wiki/Yellow_rail,https://www.allaboutbirds.org/guide/Yellow_Rail/overview,,,,6 - extremely rare,5 - rare,,,,6 - extremely rare
Sandhill Crane,XFURRRF,https://upload.wikimedia.org/wikipedia/commons/e/e2/Grus_canadensis.jpg,https://ebird.org/species/sancra,https://en.wikipedia.org/wiki/Sandhill_crane,https://www.allaboutbirds.org/guide/Sandhill_Crane/overview,,,6 - extremely rare,3 - fairly common,4 - uncommon,5 - rare,5 - rare,5 - rare,3 - fairly common
Whooping Crane,-R----R,https://upload.wikimedia.org/wikipedia/commons/7/7f/Grus_americana_Sasata.jpg,https://ebird.org/species/whocra,https://en.wikipedia.org/wiki/Whooping_crane,https://www.allaboutbirds.org/guide/Whooping_Crane/overview,,,,5 - rare,,,,,5 - rare
American Avocet,--X-XXX,https://upload.wikimedia.org/wikipedia/commons/d/de/American_Avocet1.jpg,https://ebird.org/species/ameavo,https://en.wikipedia.org/wiki/American_avocet,https://www.allaboutbirds.org/guide/American_Avocet/overview,,,,,6 - extremely rare,,6 - extremely rare,6 - extremely rare,6 - extremely rare
Black-bellied Plover,--R-UU-,https://upload.wikimedia.org/wikipedia/commons/a/aa/Pluvialis_squatarola_%28summer_plumage%29.jpg,https://ebird.org/species/bkbplo/,https://en.wikipedia.org/wiki/Grey_plover,https://www.allaboutbirds.org/guide/Black-bellied_Plover/overview,,,,,5 - rare,,4 - uncommon,4 - uncommon,
American Golden-Plover,--R-XR-,https://upload.wikimedia.org/wikipedia/commons/6/6d/Pluvialis_dominica1.jpg,https://ebird.org/species/amgplo/,https://en.wikipedia.org/wiki/American_golden_plover,https://www.allaboutbirds.org/guide/American_Golden-Plover/overview,,,,,5 - rare,,6 - extremely rare,5 - rare,
Semipalmated Plover,--U-FFR,https://upload.wikimedia.org/wikipedia/commons/b/bc/Semipalmated_Plover.jpg,https://ebird.org/species/semplo,https://en.wikipedia.org/wiki/Semipalmated_plover,https://www.allaboutbirds.org/guide/Semipalmated_Plover/overview,,,,,4 - uncommon,,3 - fairly common,3 - fairly common,5 - rare
Killdeer,RFCCCCU,https://upload.wikimedia.org/wikipedia/commons/e/ef/Killdeer.jpg,https://ebird.org/species/killde,https://en.wikipedia.org/wiki/Killdeer,https://www.allaboutbirds.org/guide/Killdeer/overview,,,5 - rare,3 - fairly common,2 - common,2 - common,2 - common,2 - common,4 - uncommon
Stilt Sandpiper,--R-FFU,https://upload.wikimedia.org/wikipedia/commons/7/75/Calidris_himantopus.jpg,https://ebird.org/species/stisan,https://en.wikipedia.org/wiki/Stilt_sandpiper,https://www.allaboutbirds.org/guide/Stilt_Sandpiper/overview,,,,,5 - rare,,3 - fairly common,3 - fairly common,4 - uncommon
Sanderling,----XX-,https://upload.wikimedia.org/wikipedia/commons/7/73/Calidris_alba_-_Laem_Phak_Bia.jpg,https://ebird.org/species/sander,https://en.wikipedia.org/wiki/Sanderling,https://www.allaboutbirds.org/guide/Sanderling/overview,,,,,,,6 - extremely rare,6 - extremely rare,
Dunlin,-RU-XRU,https://upload.wikimedia.org/wikipedia/commons/f/fe/Dunlin_%28Calidris_alpina%29_juvenile.jpg,https://ebird.org/species/dunlin/,https://en.wikipedia.org/wiki/Dunlin,https://www.allaboutbirds.org/guide/Dunlin/overview,,,,5 - rare,4 - uncommon,,6 - extremely rare,5 - rare,4 - uncommon
Baird's Sandpiper,--R-RR-,https://upload.wikimedia.org/wikipedia/commons/2/2c/Calidris_bairdii_-Gullbringusysla%2C_Iceland-8.jpg,https://ebird.org/species/baisan,https://en.wikipedia.org/wiki/Baird's_sandpiper,https://www.allaboutbirds.org/guide/Bairds_Sandpiper/overview,,,,,5 - rare,,5 - rare,5 - rare,
Least Sandpiper,--F-FFU,https://upload.wikimedia.org/wikipedia/commons/1/18/Least_Sandpiper.jpg,https://ebird.org/species/leasan,https://en.wikipedia.org/wiki/Least_sandpiper,https://www.allaboutbirds.org/guide/Least_Sandpiper/overview,,,,,3 - fairly common,,3 - fairly common,3 - fairly common,4 - uncommon
White-rumped Sandpiper,--R--XX,https://upload.wikimedia.org/wikipedia/commons/7/7b/Calidris_fuscicollis_PLAYERO_RABADILLA_BLANCA.jpg,https://ebird.org/species/whrsan,https://en.wikipedia.org/wiki/White-rumped_sandpiper,https://www.allaboutbirds.org/guide/White-rumped_Sandpiper/overview,,,,,5 - rare,,,6 - extremely rare,6 - extremely rare
Buff-breasted Sandpiper,----XR-,https://upload.wikimedia.org/wikipedia/commons/b/b4/Tryngites_subruficollis_-USA-8.jpg,https://ebird.org/species/bubsan/,https://en.wikipedia.org/wiki/Buff-breasted_sandpiper,https://www.allaboutbirds.org/guide/Buff-breasted_Sandpiper/overview,,,,,,,6 - extremely rare,5 - rare,
Pectoral Sandpiper,-UF-FFU,https://upload.wikimedia.org/wikipedia/commons/9/96/Pectoral_Sandpiper3.jpg,https://ebird.org/species/pecsan,https://en.wikipedia.org/wiki/Pectoral_sandpiper,https://www.allaboutbirds.org/guide/Pectoral_Sandpiper/overview,,,,4 - uncommon,3 - fairly common,,3 - fairly common,3 - fairly common,4 - uncommon
Semipalmated Sandpiper,--U-UFR,https://upload.wikimedia.org/wikipedia/commons/0/00/Calidris-pusilla-001.jpg,https://ebird.org/species/semsan,https://en.wikipedia.org/wiki/Semipalmated_sandpiper,https://www.allaboutbirds.org/guide/Semipalmated_Sandpiper/overview,,,,,4 - uncommon,,4 - uncommon,3 - fairly common,5 - rare
Western Sandpiper,-----X-,https://upload.wikimedia.org/wikipedia/commons/5/51/Western_Sandpiper.jpg,https://ebird.org/species/wessan,https://en.wikipedia.org/wiki/Western_sandpiper,https://www.allaboutbirds.org/guide/Western_Sandpiper/overview,,,,,,,,6 - extremely rare,
Short-billed Dowitcher,--U-FU-,https://upload.wikimedia.org/wikipedia/commons/1/16/Limnodromus_griseus.jpg,https://ebird.org/species/shbdow,https://en.wikipedia.org/wiki/Short-billed_dowitcher,https://www.allaboutbirds.org/guide/Short-billed_Dowitcher/overview,,,,,4 - uncommon,,3 - fairly common,4 - uncommon,
Long-billed Dowitcher,--R-RUU,https://upload.wikimedia.org/wikipedia/commons/9/92/Limnodromus_scolopaceus_Mike_Baird_crop.jpg,https://ebird.org/species/lobdow,https://en.wikipedia.org/wiki/Long-billed_dowitcher,https://www.allaboutbirds.org/guide/Long-billed_Dowitcher/overview,,,,,5 - rare,,5 - rare,4 - uncommon,4 - uncommon
American Woodcock,-UUURRR,https://upload.wikimedia.org/wikipedia/commons/0/0c/American_Woodcock_Scolopax_minor.jpg,https://ebird.org/species/amewoo,https://en.wikipedia.org/wiki/American_woodcock,https://www.allaboutbirds.org/guide/American_Woodcock/overview,,,,4 - uncommon,4 - uncommon,4 - uncommon,5 - rare,5 - rare,5 - rare
Wilson's Snipe,RFU-RFU,https://upload.wikimedia.org/wikipedia/commons/9/9d/Gallinago-delicata-002-cropped.jpg,https://ebird.org/species/wilsni1,https://en.wikipedia.org/wiki/Wilson's_snipe,https://www.allaboutbirds.org/guide/Wilsons_Snipe/overview,,,5 - rare,3 - fairly common,4 - uncommon,,5 - rare,3 - fairly common,4 - uncommon
Wilson's Phalarope,--R-XF-,https://upload.wikimedia.org/wikipedia/commons/4/4a/Phalaropus_tricolor_-_breeding_female.jpg,https://ebird.org/species/wilpha/,https://en.wikipedia.org/wiki/Wilson's_phalarope,https://www.allaboutbirds.org/guide/Wilsons_Phalarope/overview,,,,,5 - rare,,6 - extremely rare,3 - fairly common,
Spotted Sandpiper,--FFFCU,https://upload.wikimedia.org/wikipedia/commons/4/46/Actitis-macularia-005.jpg,https://ebird.org/species/sposan,https://en.wikipedia.org/wiki/Spotted_sandpiper,https://www.allaboutbirds.org/guide/Spotted_Sandpiper/overview,,,,,3 - fairly common,3 - fairly common,3 - fairly common,2 - common,4 - uncommon
Solitary Sandpiper,-RU-FFR,https://upload.wikimedia.org/wikipedia/en/f/f0/Solitarysandpiper.jpg,https://ebird.org/species/solsan,https://en.wikipedia.org/wiki/Solitary_sandpiper,https://www.allaboutbirds.org/guide/Solitary_Sandpiper/overview,,,,5 - rare,4 - uncommon,,3 - fairly common,3 - fairly common,5 - rare
Greater Yellowlegs,-UU-UFF,https://upload.wikimedia.org/wikipedia/commons/2/20/Greater_Yellowlegs2.jpg,https://ebird.org/species/greyel,https://en.wikipedia.org/wiki/Greater_yellowlegs,https://www.allaboutbirds.org/guide/Greater_Yellowlegs/overview,,,,4 - uncommon,4 - uncommon,,4 - uncommon,3 - fairly common,3 - fairly common
Willet,--X-X--,https://upload.wikimedia.org/wikipedia/commons/2/2c/Catoptrophorus_semipalmatus_edit.jpg,https://ebird.org/species/willet1,https://en.wikipedia.org/wiki/Willet,https://www.allaboutbirds.org/guide/Willet/overview,,,,,6 - extremely rare,,6 - extremely rare,,
Lesser Yellowlegs,-UF-FCU,https://upload.wikimedia.org/wikipedia/commons/a/a3/Lesser_Yellowlegs.jpg,https://ebird.org/species/lesyel,https://en.wikipedia.org/wiki/Lesser_yellowlegs,https://www.allaboutbirds.org/guide/Lesser_Yellowlegs/overview,,,,4 - uncommon,3 - fairly common,,3 - fairly common,2 - common,4 - uncommon
Bonaparte's Gull,-RU-X-R,https://upload.wikimedia.org/wikipedia/commons/4/4a/Bonaparte%27s_Gull%2C_Whitehorse.jpg,https://ebird.org/species/bongul/,https://en.wikipedia.org/wiki/Bonaparte's_gull,https://www.allaboutbirds.org/guide/Bonapartes_Gull/overview,,,,5 - rare,4 - uncommon,,6 - extremely rare,,5 - rare
Franklin's Gull,-----XX,https://upload.wikimedia.org/wikipedia/commons/6/68/Franklin%27s_Gull%2C_Calgary.jpg,https://ebird.org/species/fragul,https://en.wikipedia.org/wiki/Franklin's_gull,https://www.allaboutbirds.org/guide/Franklins_Gull/overview,,,,,,,,6 - extremely rare,6 - extremely rare
Ring-billed Gull,FFFUFCC,https://upload.wikimedia.org/wikipedia/commons/3/38/Larus-delawarensis-021.jpg,https://ebird.org/species/ribgul,https://en.wikipedia.org/wiki/Ring-billed_gull,https://www.allaboutbirds.org/guide/Ring-billed_Gull/overview,,,3 - fairly common,3 - fairly common,3 - fairly common,4 - uncommon,3 - fairly common,2 - common,2 - common
Herring Gull,FFURRUF,https://upload.wikimedia.org/wikipedia/commons/4/43/Larus_smithsonianus-USFWS.jpg,https://ebird.org/species/hergul,https://en.wikipedia.org/wiki/American_herring_gull,https://www.allaboutbirds.org/guide/Herring_Gull/overview,,,3 - fairly common,3 - fairly common,4 - uncommon,5 - rare,5 - rare,4 - uncommon,3 - fairly common
Iceland Gull,XX----X,https://upload.wikimedia.org/wikipedia/commons/d/d7/Larus_glaucoides_IthacaNY.jpg,https://ebird.org/species/y00478/,https://en.wikipedia.org/wiki/Iceland_gull,https://www.allaboutbirds.org/guide/Iceland_Gull/overview,,,6 - extremely rare,6 - extremely rare,,,,,6 - extremely rare
Lesser Black-backed Gull,X------,https://upload.wikimedia.org/wikipedia/commons/5/5e/Larus-fuscus-taxbox.jpg,https://ebird.org/species/lbbgul,https://en.wikipedia.org/wiki/Lesser_black-backed_gull,https://www.allaboutbirds.org/guide/Lesser_Black-backed_Gull/overview,,,6 - extremely rare,,,,,,
Glaucous Gull,X-----X,https://upload.wikimedia.org/wikipedia/commons/a/a5/Wiki-shirokamome.jpg,https://ebird.org/species/glagul/,https://en.wikipedia.org/wiki/Glaucous_gull,https://www.allaboutbirds.org/guide/Glaucous_Gull/overview,,,6 - extremely rare,,,,,,6 - extremely rare
Caspian Tern,--F-FFX,https://upload.wikimedia.org/wikipedia/commons/7/72/Sterna-caspia-010.jpg,https://ebird.org/species/caster1,https://en.wikipedia.org/wiki/Caspian_tern,https://www.allaboutbirds.org/guide/assets/photo/32007701-1280px.jpg,,,,,3 - fairly common,,3 - fairly common,3 - fairly common,6 - extremely rare
Black Tern,--RFFX-,https://upload.wikimedia.org/wikipedia/commons/5/5e/%C4%8Cor%C3%ADk_%C4%8Dierny_%28Chlidonias_niger%29_a_%284644831482%29.jpg,https://ebird.org/species/blkter/,https://en.wikipedia.org/wiki/Black_tern,https://www.allaboutbirds.org/guide/Black_Tern/overview,,,,,5 - rare,3 - fairly common,3 - fairly common,6 - extremely rare,
Forster's Tern,--R-RR-,https://upload.wikimedia.org/wikipedia/commons/9/90/Forster%27s_Tern.jpg,https://ebird.org/species/forter/,https://en.wikipedia.org/wiki/Forster's_tern,https://www.allaboutbirds.org/guide/Forsters_Tern/overview,,,,,5 - rare,,5 - rare,5 - rare,
Common Loon,XUR---R,https://upload.wikimedia.org/wikipedia/commons/b/b0/Gavia_immer_-Minocqua%2C_Wisconsin%2C_USA_-swimming-8.jpg,https://ebird.org/species/comloo/,https://en.wikipedia.org/wiki/Common_loon,https://www.allaboutbirds.org/guide/Common_Loon/overview,,,6 - extremely rare,4 - uncommon,5 - rare,,,,5 - rare
Double-crested Cormorant,XFCCCCU,https://upload.wikimedia.org/wikipedia/commons/f/fb/Phalacrocorax-auritus-007.jpg,https://ebird.org/species/doccor,https://en.wikipedia.org/wiki/Double-crested_cormorant,https://www.allaboutbirds.org/guide/double-crested_cormorant/overview,,,6 - extremely rare,3 - fairly common,2 - common,2 - common,2 - common,2 - common,4 - uncommon
American White Pelican,-R----R,https://upload.wikimedia.org/wikipedia/commons/3/32/American_White_Pelican.jpg,https://ebird.org/species/amwpel,https://en.wikipedia.org/wiki/American_white_pelican,https://www.allaboutbirds.org/guide/American_White_Pelican/overview,,,,5 - rare,,,,,5 - rare
American Bittern,-RRXXR-,https://upload.wikimedia.org/wikipedia/commons/8/8d/Botaurus_lentiginosus_28079.JPG,https://ebird.org/species/amebit,https://en.wikipedia.org/wiki/American_bittern,https://www.allaboutbirds.org/guide/American_Bittern/overview,,,,5 - rare,5 - rare,6 - extremely rare,6 - extremely rare,5 - rare,
Least Bittern,--RRUR-,https://upload.wikimedia.org/wikipedia/commons/2/2c/Ixobrychus_exilis.jpg,https://ebird.org/species/leabit,https://en.wikipedia.org/wiki/Least_bittern,https://www.allaboutbirds.org/guide/Least_Bittern/overview,,,,,5 - rare,5 - rare,4 - uncommon,5 - rare,
Great Blue Heron,UFCCCCF,https://upload.wikimedia.org/wikipedia/commons/6/67/GBHfish5.jpg,https://ebird.org/species/grbher3,https://en.wikipedia.org/wiki/Great_blue_heron,https://www.allaboutbirds.org/guide/Great_Blue_Heron/overview,,,4 - uncommon,3 - fairly common,2 - common,2 - common,2 - common,2 - common,3 - fairly common
Great Egret,XUFFCCU,https://upload.wikimedia.org/wikipedia/commons/7/7b/Great_egret_%28Ardea_alba%29_Tobago.jpg,https://ebird.org/species/greegr,https://en.wikipedia.org/wiki/Great_egret,https://www.allaboutbirds.org/guide/great_egret/overview,,,6 - extremely rare,4 - uncommon,3 - fairly common,3 - fairly common,2 - common,2 - common,4 - uncommon
Snowy Egret,----XX-,https://upload.wikimedia.org/wikipedia/commons/f/f9/Egretta_thula_at_Las_Gallinas_Wildlife_Ponds.jpg,https://ebird.org/species/snoegr,https://en.wikipedia.org/wiki/Snowy_egret,https://www.allaboutbirds.org/guide/Snowy_Egret/overview,,,,,,,6 - extremely rare,6 - extremely rare,
Little Blue Heron,--XXRX-,https://upload.wikimedia.org/wikipedia/commons/7/77/Egretta_caerulea_-Cananeia%2C_Sao_Paulo%2C_Brasil-8.jpg,https://ebird.org/species/libher,https://en.wikipedia.org/wiki/Little_blue_heron,https://www.allaboutbirds.org/guide/Little_Blue_Heron/overview,,,,,6 - extremely rare,6 - extremely rare,5 - rare,6 - extremely rare,
Cattle Egret,-XRXXX-,https://upload.wikimedia.org/wikipedia/commons/b/b8/Cattle_Egret_%2844750698191%29.jpg,https://ebird.org/species/categr,https://en.wikipedia.org/wiki/Cattle_egret,https://www.allaboutbirds.org/guide/Cattle_Egret/overview,,,,6 - extremely rare,5 - rare,6 - extremely rare,6 - extremely rare,6 - extremely rare,
Green Heron,-XFFFFR,https://upload.wikimedia.org/wikipedia/commons/f/f3/Butorides_virescens2.jpg,https://ebird.org/species/grnher/,https://en.wikipedia.org/wiki/Green_heron,https://www.allaboutbirds.org/guide/Green_Heron/overview,,,,6 - extremely rare,3 - fairly common,3 - fairly common,3 - fairly common,3 - fairly common,5 - rare
Black-crowned Night-Heron,XRRUURX,https://upload.wikimedia.org/wikipedia/commons/2/27/BCNH_CMCNJ_for_Wiki.png,https://ebird.org/species/bcnher,https://en.wikipedia.org/wiki/Black-crowned_night_heron,https://www.allaboutbirds.org/guide/Black-crowned_Night-Heron/overview,,,6 - extremely rare,5 - rare,5 - rare,4 - uncommon,4 - uncommon,5 - rare,6 - extremely rare
Turkey Vulture,XUFUUFR,https://upload.wikimedia.org/wikipedia/commons/7/78/Cathartes_aura_-Santa_Teresa_County_Park%2C_San_Jose%2C_California%2C_USA_-adult-8a.jpg,https://ebird.org/species/turvul,https://en.wikipedia.org/wiki/Turkey_vulture,https://www.allaboutbirds.org/guide/Turkey_Vulture/overview,,,6 - extremely rare,4 - uncommon,3 - fairly common,4 - uncommon,4 - uncommon,3 - fairly common,5 - rare
Osprey,-RUUUUR,https://upload.wikimedia.org/wikipedia/commons/0/01/2010-kabini-osprey.jpg,https://ebird.org/species/osprey,https://en.wikipedia.org/wiki/Osprey,https://www.allaboutbirds.org/guide/Osprey/overview,,,,5 - rare,4 - uncommon,4 - uncommon,4 - uncommon,4 - uncommon,5 - rare
Golden Eagle,-----XX,https://upload.wikimedia.org/wikipedia/commons/4/4b/%D0%91%D0%B5%D1%80%D0%BA%D1%83%D1%82_%28Aquila_chrysaetos%29.jpg,https://ebird.org/species/goleag,https://en.wikipedia.org/wiki/Golden_eagle,https://www.allaboutbirds.org/guide/Golden_Eagle/overview,,,,,,,,6 - extremely rare,6 - extremely rare
Northern Harrier,UURXXUU,https://upload.wikimedia.org/wikipedia/commons/c/c8/Northern_%28Hen%29_Harrier.jpg,https://ebird.org/species/norhar2,https://en.wikipedia.org/wiki/Northern_harrier,https://www.allaboutbirds.org/guide/Northern_Harrier/overview,,,4 - uncommon,4 - uncommon,5 - rare,6 - extremely rare,6 - extremely rare,4 - uncommon,4 - uncommon
Sharp-shinned Hawk,RUU--FU,https://upload.wikimedia.org/wikipedia/commons/c/c9/Accipiter_striatus%2C_Canet_Road%2C_San_Luis_Obispo_1.jpg,https://ebird.org/species/shshaw/,https://en.wikipedia.org/wiki/Sharp-shinned_hawk,https://www.allaboutbirds.org/guide/Sharp-shinned_Hawk/overview,,,5 - rare,4 - uncommon,4 - uncommon,,,3 - fairly common,4 - uncommon
Cooper's Hawk,UFUUUFU,https://upload.wikimedia.org/wikipedia/commons/a/a9/Cooper%27s_Hawk_on_Seedskadee_National_Wildlife_Refuge_%2826108620533%29.jpg,https://ebird.org/species/coohaw,https://en.wikipedia.org/wiki/Cooper's_hawk,https://www.allaboutbirds.org/guide/coopers_hawk/overview,,,4 - uncommon,3 - fairly common,4 - uncommon,4 - uncommon,4 - uncommon,3 - fairly common,4 - uncommon
Northern Goshawk,XR----R,https://upload.wikimedia.org/wikipedia/commons/8/81/Northern_Goshawk_ad_M2.jpg,https://ebird.org/species/norgos,https://en.wikipedia.org/wiki/Northern_goshawk,https://www.allaboutbirds.org/guide/Northern_Goshawk/overview,,,6 - extremely rare,5 - rare,,,,,5 - rare
Bald Eagle,URRRRRU,https://upload.wikimedia.org/wikipedia/commons/1/1a/About_to_Launch_%2826075320352%29.jpg,https://ebird.org/species/baleag,https://en.wikipedia.org/wiki/Bald_eagle,https://www.allaboutbirds.org/guide/bald_eagle/overview,,,4 - uncommon,5 - rare,5 - rare,5 - rare,5 - rare,5 - rare,4 - uncommon
Red-shouldered Hawk,XXR--RU,https://upload.wikimedia.org/wikipedia/commons/6/62/Red-shouldered_Hawk_%28Buteo_lineatus%29_-_Blue_Cypress_Lake%2C_Florida.jpg,https://ebird.org/species/reshaw,https://en.wikipedia.org/wiki/Red-shouldered_hawk,https://www.allaboutbirds.org/guide/Red-shouldered_Hawk/overview,,,6 - extremely rare,6 - extremely rare,5 - rare,,,5 - rare,4 - uncommon
Broad-winged Hawk,--URRFR,https://upload.wikimedia.org/wikipedia/commons/9/99/Julie_Waters_broad_winged_hawk.JPG,https://ebird.org/species/brwhaw,https://en.wikipedia.org/wiki/Broad-winged_hawk,https://www.allaboutbirds.org/guide/Broad-winged_Hawk/overview,,,,,4 - uncommon,5 - rare,5 - rare,3 - fairly common,5 - rare
Red-tailed Hawk,CCCFFCC,https://upload.wikimedia.org/wikipedia/commons/5/51/Buteo_jamaicensis_-John_Heinz_National_Wildlife_Refuge_at_Tinicum%2C_Pennsylvania%2C_USA-8.jpg,https://ebird.org/species/rethaw,https://en.wikipedia.org/wiki/Red-tailed_hawk,https://www.allaboutbirds.org/guide/Red-tailed_Hawk/overview,,,2 - common,2 - common,2 - common,3 - fairly common,3 - fairly common,2 - common,2 - common
Rough-legged Hawk,RR----R,https://upload.wikimedia.org/wikipedia/commons/e/e4/Buteo_lagopus_29283.JPG,https://ebird.org/species/rolhaw,https://en.wikipedia.org/wiki/Rough-legged_buzzard,https://www.allaboutbirds.org/guide/Rough-legged_Hawk/overview,,,5 - rare,5 - rare,,,,,5 - rare
Eastern Screech-Owl,FFURRRU,https://upload.wikimedia.org/wikipedia/commons/3/3d/Eastern_Screech_Owl.jpg,https://ebird.org/species/easowl1/,https://en.wikipedia.org/wiki/Eastern_screech_owl,https://www.allaboutbirds.org/guide/Eastern_Screech-Owl/overview,,,3 - fairly common,3 - fairly common,4 - uncommon,5 - rare,5 - rare,5 - rare,4 - uncommon
Great Horned Owl,FFFUUUF,https://upload.wikimedia.org/wikipedia/commons/2/23/Bubo_virginianus_06.jpg,https://ebird.org/species/grhowl,https://en.wikipedia.org/wiki/Great_horned_owl,https://www.allaboutbirds.org/guide/Great_Horned_Owl/overview,,,3 - fairly common,3 - fairly common,3 - fairly common,4 - uncommon,4 - uncommon,4 - uncommon,3 - fairly common
Barred Owl,URR---R,https://upload.wikimedia.org/wikipedia/commons/3/3c/Strix-varia-005.jpg,https://ebird.org/species/brdowl/,https://en.wikipedia.org/wiki/Barred_owl,https://www.allaboutbirds.org/guide/Barred_Owl/overview,,,4 - uncommon,5 - rare,5 - rare,,,,5 - rare
Long-eared Owl,URX---R,https://upload.wikimedia.org/wikipedia/commons/e/ef/Asio_otus_1_%28Martin_Mecnarowski%29.jpg,https://ebird.org/species/loeowl,https://en.wikipedia.org/wiki/Long-eared_owl,https://www.allaboutbirds.org/guide/Long-eared_Owl/overview,,,4 - uncommon,5 - rare,6 - extremely rare,,,,5 - rare
Short-eared Owl,UXX---R,https://upload.wikimedia.org/wikipedia/commons/6/61/Short_eared_owl_kuwait_by_irvin_calicut_DSCN0576.jpg,https://ebird.org/species/sheowl,https://en.wikipedia.org/wiki/Short-eared_owl,https://www.allaboutbirds.org/guide/Short-eared_Owl/overview,,,4 - uncommon,6 - extremely rare,6 - extremely rare,,,,5 - rare
Northern Saw-whet Owl,RX----R,https://upload.wikimedia.org/wikipedia/commons/3/39/Aegolius_acadicus_-Fossil%2C_Oregon%2C_USA_-juvenile-8.jpg,https://ebird.org/species/nswowl,https://en.wikipedia.org/wiki/Northern_saw-whet_owl,https://www.allaboutbirds.org/guide/Northern_Saw-whet_Owl/overview,,,5 - rare,6 - extremely rare,,,,,5 - rare
Belted Kingfisher,RFFUUFU,https://upload.wikimedia.org/wikipedia/commons/8/8f/Belted_Kingfisher.jpg,https://ebird.org/species/belkin1,https://en.wikipedia.org/wiki/Belted_kingfisher,https://www.allaboutbirds.org/guide/Belted_Kingfisher/overview,,,5 - rare,3 - fairly common,3 - fairly common,4 - uncommon,4 - uncommon,3 - fairly common,4 - uncommon
Yellow-bellied Sapsucker,XUU--UU,https://upload.wikimedia.org/wikipedia/commons/b/b3/Sphyrapicus_varius.jpg,https://ebird.org/species/yebsap,https://en.wikipedia.org/wiki/Yellow-bellied_sapsucker,https://www.allaboutbirds.org/guide/Yellow-bellied_Sapsucker/overview,,,6 - extremely rare,4 - uncommon,4 - uncommon,,,4 - uncommon,4 - uncommon
Red-headed Woodpecker,XRUUUUR,https://upload.wikimedia.org/wikipedia/commons/a/ac/Melanerpes_erythrocephalus_-tree_trunk-USA.jpg,https://ebird.org/species/rehwoo,https://en.wikipedia.org/wiki/Red-headed_woodpecker,https://www.allaboutbirds.org/guide/Red-headed_Woodpecker/overview,,,6 - extremely rare,5 - rare,4 - uncommon,4 - uncommon,4 - uncommon,4 - uncommon,5 - rare
Red-bellied Woodpecker,FFFFFFF,,https://ebird.org/species/rebwoo,https://en.wikipedia.org/wiki/Red-bellied_woodpecker,https://www.allaboutbirds.org/guide/Red-bellied_Woodpecker/overview,https://upload.wikimedia.org/wikipedia/commons/1/12/Red-bellied_Woodpecker-27527.jpg,https://upload.wikimedia.org/wikipedia/commons/a/a8/Red-bellied_Woodpecker_Female.jpg,3 - fairly common,3 - fairly common,3 - fairly common,3 - fairly common,3 - fairly common,3 - fairly common,3 - fairly common
Downy Woodpecker,CCCCCCC,,https://ebird.org/species/dowwoo,https://en.wikipedia.org/wiki/Downy_woodpecker,https://www.allaboutbirds.org/guide/Downy_Woodpecker/overview,https://upload.wikimedia.org/wikipedia/commons/2/20/Downy_Woodpecker01.jpg,https://upload.wikimedia.org/wikipedia/commons/c/c1/FemaleDownyWoodpecker.jpg,2 - common,2 - common,2 - common,2 - common,2 - common,2 - common,2 - common
Hairy Woodpecker,FUUUUUU,,https://ebird.org/species/haiwoo,https://en.wikipedia.org/wiki/Hairy_woodpecker,https://www.allaboutbirds.org/guide/Hairy_Woodpecker/overview,https://upload.wikimedia.org/wikipedia/commons/1/1f/Picoides-villosus-001.jpg,https://upload.wikimedia.org/wikipedia/commons/9/95/Hairy_Woodpecker_%28female%29.jpg,3 - fairly common,4 - uncommon,4 - uncommon,4 - uncommon,4 - uncommon,4 - uncommon,4 - uncommon
Pileated Woodpecker,RUURRRR,https://upload.wikimedia.org/wikipedia/commons/1/12/PileatedWoodpeckerFeedingonTree%2C_crop.jpg,https://ebird.org/species/pilwoo,https://en.wikipedia.org/wiki/Pileated_woodpecker,https://www.allaboutbirds.org/guide/Pileated_Woodpecker/overview,,,5 - rare,4 - uncommon,4 - uncommon,5 - rare,5 - rare,5 - rare,5 - rare
Northern Flicker,RUCCCCF,,https://ebird.org/species/norfli,https://en.wikipedia.org/wiki/Northern_flicker,https://www.allaboutbirds.org/guide/Northern_Flicker/overview,https://upload.wikimedia.org/wikipedia/commons/0/02/NorthernFlicker-male.jpg,https://upload.wikimedia.org/wikipedia/commons/4/40/Northern_Flicker.jpg,5 - rare,4 - uncommon,2 - common,2 - common,2 - common,2 - common,3 - fairly common
American Kestrel,FFFFFFF,,https://ebird.org/species/amekes,https://en.wikipedia.org/wiki/American_kestrel,https://www.allaboutbirds.org/guide/American_Kestrel/overview,https://upload.wikimedia.org/wikipedia/commons/7/73/AmericanKestrel02.jpg,https://upload.wikimedia.org/wikipedia/commons/f/f9/Female_American_Kestrel.jpg,3 - fairly common,3 - fairly common,3 - fairly common,3 - fairly common,3 - fairly common,3 - fairly common,3 - fairly common
Merlin,XRX--RU,https://upload.wikimedia.org/wikipedia/commons/9/9e/Merlin_prey_fencepost_Cochrane_cropped.jpg,https://ebird.org/species/merlin,https://en.wikipedia.org/wiki/Merlin_(bird),https://www.allaboutbirds.org/guide/merlin/overview,,,6 - extremely rare,5 - rare,6 - extremely rare,,,5 - rare,4 - uncommon
Peregrine Falcon,XRRXXRU,https://upload.wikimedia.org/wikipedia/commons/9/9a/Falco_peregrinus_good_-_Christopher_Watson.jpg,https://ebird.org/species/perfal,https://en.wikipedia.org/wiki/Peregrine_falcon,https://www.allaboutbirds.org/guide/Peregrine_Falcon/overview,,,6 - extremely rare,5 - rare,5 - rare,6 - extremely rare,6 - extremely rare,5 - rare,4 - uncommon
Monk Parakeet,RRRRRRR,https://upload.wikimedia.org/wikipedia/commons/5/5c/Monk_Parakeet_%28Myiopsitta_monachus%29_%2828420470712%29.jpg,https://ebird.org/species/monpar,https://en.wikipedia.org/wiki/Monk_parakeet,https://www.allaboutbirds.org/guide/Monk_Parakeet/overview,,,5 - rare,5 - rare,5 - rare,5 - rare,5 - rare,5 - rare,5 - rare
Olive-sided Flycatcher,--U-XU-,https://upload.wikimedia.org/wikipedia/commons/8/86/Olive-sided_Flycatcher.jpg,https://ebird.org/species/olsfly,https://en.wikipedia.org/wiki/Olive-sided_flycatcher,https://www.allaboutbirds.org/guide/Olive-sided_Flycatcher/overview,,,,,4 - uncommon,,6 - extremely rare,4 - uncommon,
Eastern Wood-Pewee,--FFFF-,https://upload.wikimedia.org/wikipedia/commons/3/3b/Eastern_Peewee-Yucat%C3%A1n.jpg,https://ebird.org/species/eawpew,https://en.wikipedia.org/wiki/Eastern_wood_pewee,https://www.allaboutbirds.org/guide/Eastern_Wood-Pewee/overview,,,,,3 - fairly common,3 - fairly common,3 - fairly common,3 - fairly common,
Yellow-bellied Flycatcher,--U--R-,https://upload.wikimedia.org/wikipedia/commons/b/bc/Yellow-bellied_Flycatcher_-_Empidonax_flaviventris.jpg,https://ebird.org/species/yebfly/,https://en.wikipedia.org/wiki/Yellow-bellied_flycatcher,https://www.allaboutbirds.org/guide/Yellow-bellied_Flycatcher/overview,,,,,4 - uncommon,,,5 - rare,
Acadian Flycatcher,--RRXX-,https://upload.wikimedia.org/wikipedia/commons/2/21/Acadian_Flycatcher.jpg,https://ebird.org/species/acafly,https://en.wikipedia.org/wiki/Acadian_flycatcher,https://www.allaboutbirds.org/guide/Acadian_Flycatcher/overview,,,,,5 - rare,5 - rare,6 - extremely rare,6 - extremely rare,
Alder Flycatcher,--UX---,https://upload.wikimedia.org/wikipedia/commons/0/00/Empidonax_alnorum_CT2.jpg,https://ebird.org/species/aldfly,https://en.wikipedia.org/wiki/Alder_flycatcher,https://www.allaboutbirds.org/guide/Alder_Flycatcher/overview,,,,,4 - uncommon,6 - extremely rare,,,
Willow Flycatcher,--FFUU-,https://upload.wikimedia.org/wikipedia/commons/0/00/Southwestern_Willow_Flycatcher.jpg,https://ebird.org/species/wilfly/,https://en.wikipedia.org/wiki/Willow_flycatcher,https://www.allaboutbirds.org/guide/Willow_Flycatcher/overview,,,,,3 - fairly common,3 - fairly common,4 - uncommon,4 - uncommon,
Least Flycatcher,--FX-U-,https://upload.wikimedia.org/wikipedia/commons/4/46/Empidonax-minimus-001.jpg,https://ebird.org/species/leafly,https://en.wikipedia.org/wiki/Least_flycatcher,https://www.allaboutbirds.org/guide/Least_Flycatcher/overview,,,,,3 - fairly common,6 - extremely rare,,4 - uncommon,
Eastern Phoebe,XCFUUFU,https://upload.wikimedia.org/wikipedia/commons/d/d0/Sayornis_phoebe_-Owen_Conservation_Park%2C_Madison%2C_Wisconsin%2C_USA-8.jpg,https://ebird.org/species/easpho/,https://en.wikipedia.org/wiki/Eastern_phoebe,https://www.allaboutbirds.org/guide/Eastern_Phoebe/overview,,,6 - extremely rare,2 - common,3 - fairly common,4 - uncommon,4 - uncommon,3 - fairly common,4 - uncommon
Great Crested Flycatcher,--CFFU-,https://upload.wikimedia.org/wikipedia/commons/0/02/Great_Crested_Flycatcher_RWD2.jpg,https://ebird.org/species/grcfly,https://en.wikipedia.org/wiki/Great_crested_flycatcher,https://www.allaboutbirds.org/guide/Great_Crested_Flycatcher/overview,,,,,2 - common,3 - fairly common,3 - fairly common,4 - uncommon,
Eastern Kingbird,--CCCU-,https://upload.wikimedia.org/wikipedia/commons/0/02/Tyrannus-tyrannus-001.jpg,https://ebird.org/species/easkin,https://en.wikipedia.org/wiki/Eastern_kingbird,https://www.allaboutbirds.org/guide/Eastern_Kingbird/overview,,,,,2 - common,2 - common,2 - common,4 - uncommon,
White-eyed Vireo,--RRRX-,https://upload.wikimedia.org/wikipedia/commons/1/1d/WhiteEyedVireoMaine.jpg,https://ebird.org/species/whevir/,https://en.wikipedia.org/wiki/White-eyed_vireo,https://www.allaboutbirds.org/guide/White-eyed_Vireo/overview,,,,,5 - rare,5 - rare,5 - rare,6 - extremely rare,
Bell's Vireo,--UUR--,https://upload.wikimedia.org/wikipedia/commons/c/c1/Least_Bell%27s_Vireo_USGS_WERC.jpg,https://ebird.org/species/belvir,https://en.wikipedia.org/wiki/Bell's_vireo,https://www.allaboutbirds.org/guide/Bells_Vireo/overview,,,,,4 - uncommon,4 - uncommon,5 - rare,,
Yellow-throated Vireo,--URRUX,https://upload.wikimedia.org/wikipedia/commons/f/fa/Vireo-flavifrons-001.jpg,https://ebird.org/species/yetvir,https://en.wikipedia.org/wiki/Yellow-throated_vireo,https://www.allaboutbirds.org/guide/Yellow-throated_Vireo/overview,,,,,4 - uncommon,5 - rare,5 - rare,4 - uncommon,6 - extremely rare
Blue-headed Vireo,--U--UR,https://upload.wikimedia.org/wikipedia/commons/b/b5/Blue-headed_Vireo_%288088895251%29.jpg,https://ebird.org/species/buhvir,https://en.wikipedia.org/wiki/Blue-headed_vireo,https://www.allaboutbirds.org/guide/Blue-headed_Vireo/overview,,,,,4 - uncommon,,,4 - uncommon,5 - rare
Philadelphia Vireo,--U--U-,https://upload.wikimedia.org/wikipedia/commons/3/32/Vireo_philadelphicus.jpg,https://ebird.org/species/phivir/,https://en.wikipedia.org/wiki/Philadelphia_vireo,https://www.allaboutbirds.org/guide/Philadelphia_Vireo/overview,,,,,4 - uncommon,,,4 - uncommon,
Warbling Vireo,--FFUU-,https://upload.wikimedia.org/wikipedia/commons/c/cc/WarblingVireo08.jpg,https://ebird.org/species/warvir/,https://en.wikipedia.org/wiki/Warbling_vireo,https://www.allaboutbirds.org/guide/Warbling_Vireo/overview,,,,,3 - fairly common,3 - fairly common,4 - uncommon,4 - uncommon,
Red-eyed Vireo,--CFFCX,https://upload.wikimedia.org/wikipedia/commons/0/03/Vireo_olivaceus_-Madison_-Wisconsin_-USA-8.jpg,https://ebird.org/species/reevir1,https://en.wikipedia.org/wiki/Red-eyed_vireo,https://www.allaboutbirds.org/guide/Red-eyed_Vireo/overview,,,,,2 - common,3 - fairly common,3 - fairly common,2 - common,6 - extremely rare
Loggerhead Shrike,---XX--,https://upload.wikimedia.org/wikipedia/commons/7/73/Lanius_ludovicianus_-Texas_-USA-8-4c.jpg,https://ebird.org/species/logshr,https://en.wikipedia.org/wiki/Loggerhead_shrike,https://www.allaboutbirds.org/guide/Loggerhead_Shrike/overview,,,,,,6 - extremely rare,6 - extremely rare,,
Blue Jay,UUCFFCF,https://upload.wikimedia.org/wikipedia/commons/0/04/Cyanocitta-cristata-004.jpg,https://ebird.org/species/blujay,https://en.wikipedia.org/wiki/Blue_jay,https://www.allaboutbirds.org/guide/Blue_Jay/overview,,,4 - uncommon,4 - uncommon,2 - common,3 - fairly common,3 - fairly common,2 - common,3 - fairly common
American Crow,UUUUUUU,https://upload.wikimedia.org/wikipedia/commons/0/0a/Corvus-brachyrhynchos-001.jpg,https://ebird.org/species/amecro,https://en.wikipedia.org/wiki/American_crow,https://www.allaboutbirds.org/guide/American_Crow/overview,,,4 - uncommon,4 - uncommon,4 - uncommon,4 - uncommon,4 - uncommon,4 - uncommon,4 - uncommon
Black-capped Chickadee,CCCCCCC,https://upload.wikimedia.org/wikipedia/commons/4/4a/Poecile-atricapilla-001.jpg,https://ebird.org/species/bkcchi,https://en.wikipedia.org/wiki/Black-capped_chickadee,https://www.allaboutbirds.org/guide/Black-capped_Chickadee/overview,,,2 - common,2 - common,2 - common,2 - common,2 - common,2 - common,2 - common
Tufted Titmouse,RRRXXXR,https://upload.wikimedia.org/wikipedia/commons/6/6e/Baeolophus_bicolor_15.jpeg,https://ebird.org/species/tuftit,https://en.wikipedia.org/wiki/Tufted_titmouse,https://www.allaboutbirds.org/guide/Tufted_Titmouse/overview,,,5 - rare,5 - rare,5 - rare,6 - extremely rare,6 - extremely rare,6 - extremely rare,5 - rare
Horned Lark,FFURRUF,https://upload.wikimedia.org/wikipedia/commons/5/54/Shore_Lark.jpg,https://ebird.org/species/horlar,https://en.wikipedia.org/wiki/Horned_lark,https://www.allaboutbirds.org/guide/Horned_Lark/overview,,,3 - fairly common,3 - fairly common,4 - uncommon,5 - rare,5 - rare,4 - uncommon,3 - fairly common
Purple Martin,-RURUU-,,https://ebird.org/species/purmar,https://en.wikipedia.org/wiki/Purple_martin,https://www.allaboutbirds.org/guide/Purple_Martin/overview,https://upload.wikimedia.org/wikipedia/commons/b/b9/PurpleMartin_cajay.jpg,https://upload.wikimedia.org/wikipedia/commons/c/ca/Progne_subis_-Chicago%2C_USA_-female-8.jpg,,5 - rare,4 - uncommon,5 - rare,4 - uncommon,4 - uncommon,
Tree Swallow,-CCCFFR,https://upload.wikimedia.org/wikipedia/commons/5/5e/Tree_swallow_at_Stroud_Preserve.jpg,https://ebird.org/species/treswa,https://en.wikipedia.org/wiki/Tree_swallow,https://www.allaboutbirds.org/guide/Tree_Swallow/overview,,,,2 - common,2 - common,2 - common,3 - fairly common,3 - fairly common,5 - rare
N. Rough-winged Swallow,-RFUFR-,https://upload.wikimedia.org/wikipedia/commons/2/2a/Northern_rough-winged_swallow_7435.jpg,https://ebird.org/species/nrwswa/,https://en.wikipedia.org/wiki/Northern_rough-winged_swallow,https://www.allaboutbirds.org/guide/Northern_Rough-winged_Swallow/overview,,,,5 - rare,3 - fairly common,4 - uncommon,3 - fairly common,5 - rare,
Bank Swallow,--UUFR-,https://upload.wikimedia.org/wikipedia/commons/0/04/Riparia_riparia_-Markinch%2C_Fife%2C_Scotland_-flying-8-4c.jpg,https://ebird.org/species/banswa,https://en.wikipedia.org/wiki/Sand_martin,https://www.allaboutbirds.org/guide/Bank_Swallow/overview,,,,,4 - uncommon,4 - uncommon,3 - fairly common,5 - rare,
Cliff Swallow,--RRUR-,https://upload.wikimedia.org/wikipedia/commons/2/2e/Petrochelidon_pyrrhonota_1894.jpg,https://ebird.org/species/cliswa,https://en.wikipedia.org/wiki/Cliff_swallow,https://www.allaboutbirds.org/guide/Cliff_Swallow/overview,,,,,5 - rare,5 - rare,4 - uncommon,5 - rare,
Barn Swallow,-UCCCCU,https://upload.wikimedia.org/wikipedia/commons/3/31/BarnSwallow_cajay.jpg,https://ebird.org/species/barswa,https://en.wikipedia.org/wiki/Barn_swallow,https://www.allaboutbirds.org/guide/Barn_Swallow/overview,,,,4 - uncommon,2 - common,2 - common,2 - common,2 - common,4 - uncommon
Golden-crowned Kinglet,RFFXXRF,https://upload.wikimedia.org/wikipedia/commons/8/84/Regulus_satrapa_-Canada-8a.jpg,https://ebird.org/species/gockin,https://en.wikipedia.org/wiki/Golden-crowned_kinglet,https://www.allaboutbirds.org/guide/Golden-crowned_Kinglet/overview,,,5 - rare,3 - fairly common,3 - fairly common,6 - extremely rare,6 - extremely rare,5 - rare,3 - fairly common
Ruby-crowned Kinglet,XUF--UF,https://upload.wikimedia.org/wikipedia/commons/1/11/Ruby-crowned_Kinglet.jpg,https://ebird.org/species/ruckin,https://en.wikipedia.org/wiki/Ruby-crowned_kinglet,https://www.allaboutbirds.org/guide/Ruby-crowned_Kinglet/overview,,,6 - extremely rare,4 - uncommon,3 - fairly common,,,4 - uncommon,3 - fairly common
Red-breasted Nuthatch,UURXXRU,https://upload.wikimedia.org/wikipedia/commons/d/d2/Sitta_canadensis_CT2.jpg,https://ebird.org/species/rebnut,https://en.wikipedia.org/wiki/Red-breasted_nuthatch,https://www.allaboutbirds.org/guide/Red-breasted_Nuthatch/overview,,,4 - uncommon,4 - uncommon,5 - rare,6 - extremely rare,6 - extremely rare,5 - rare,4 - uncommon
White-breasted Nuthatch,FFUUUUF,https://upload.wikimedia.org/wikipedia/commons/0/09/Sitta-carolinensis-001.jpg,https://ebird.org/species/whbnut,https://en.wikipedia.org/wiki/White-breasted_nuthatch,https://www.allaboutbirds.org/guide/White-breasted_Nuthatch/overview,,,3 - fairly common,3 - fairly common,4 - uncommon,4 - uncommon,4 - uncommon,4 - uncommon,3 - fairly common
Brown Creeper,UFU--RF,https://upload.wikimedia.org/wikipedia/commons/f/fc/Certhia-americana-001.jpg,https://ebird.org/species/brncre/,https://en.wikipedia.org/wiki/Brown_creeper,https://www.allaboutbirds.org/guide/Brown_Creeper/overview,,,4 - uncommon,3 - fairly common,4 - uncommon,,,5 - rare,3 - fairly common
Blue-gray Gnatcatcher,-RFFFU-,https://upload.wikimedia.org/wikipedia/commons/e/e8/Blue-gray_Gnatcatcher_-_Cuba_S4E0108_%2819293820712%29.jpg,https://ebird.org/species/buggna,https://en.wikipedia.org/wiki/Blue-gray_gnatcatcher,https://www.allaboutbirds.org/guide/Blue-gray_Gnatcatcher/overview,,,,5 - rare,3 - fairly common,3 - fairly common,3 - fairly common,4 - uncommon,
House Wren,--CFFFR,https://upload.wikimedia.org/wikipedia/commons/c/c3/House_wren_in_full_song_cropped.png,https://ebird.org/species/houwre,https://en.wikipedia.org/wiki/House_wren,https://www.allaboutbirds.org/guide/House_Wren/overview,,,,,2 - common,3 - fairly common,3 - fairly common,3 - fairly common,5 - rare
Winter Wren,RUR---U,https://upload.wikimedia.org/wikipedia/commons/7/73/Troglodytes_hiemalis_Central_Park_NY.jpg,https://ebird.org/species/winwre3,https://en.wikipedia.org/wiki/Winter_wren,https://www.allaboutbirds.org/guide/Winter_Wren/overview,,,5 - rare,4 - uncommon,5 - rare,,,,4 - uncommon
Sedge Wren,--UUURR,https://upload.wikimedia.org/wikipedia/commons/d/de/Sedge_Wren_%2831204304001%29.jpg,https://ebird.org/species/sedwre,https://en.wikipedia.org/wiki/Sedge_wren,https://www.allaboutbirds.org/guide/Sedge_Wren/overview,,,,,4 - uncommon,4 - uncommon,4 - uncommon,5 - rare,5 - rare
Marsh Wren,XXFFUUU,https://upload.wikimedia.org/wikipedia/commons/8/85/Cistothorus_palustris_-Reifel_Island%2C_Vancouver-8.jpg,https://ebird.org/species/marwre,https://en.wikipedia.org/wiki/Marsh_wren,https://www.allaboutbirds.org/guide/Marsh_Wren/overview,,,6 - extremely rare,6 - extremely rare,3 - fairly common,3 - fairly common,4 - uncommon,4 - uncommon,4 - uncommon
Carolina Wren,RRRRRRR,https://upload.wikimedia.org/wikipedia/commons/6/65/Carolina_Wren1.jpg,https://ebird.org/species/carwre,https://en.wikipedia.org/wiki/Carolina_wren,https://www.allaboutbirds.org/guide/Carolina_Wren/overview,,,5 - rare,5 - rare,5 - rare,5 - rare,5 - rare,5 - rare,5 - rare
European Starling,AAAAAAA,https://upload.wikimedia.org/wikipedia/commons/7/7d/Toulouse_-_Sturnus_vulgaris_-_2012-02-26_-_3.jpg,https://ebird.org/species/eursta,https://en.wikipedia.org/wiki/Common_starling,https://www.allaboutbirds.org/guide/European_Starling/overview,,,1 - abundant,1 - abundant,1 - abundant,1 - abundant,1 - abundant,1 - abundant,1 - abundant
Gray Catbird,X-CCCCU,https://upload.wikimedia.org/wikipedia/commons/c/c4/Gray-Catbird.png,https://ebird.org/species/grycat,https://en.wikipedia.org/wiki/Gray_catbird,https://www.allaboutbirds.org/guide/Gray_Catbird/overview,,,6 - extremely rare,,2 - common,2 - common,2 - common,2 - common,4 - uncommon
Brown Thrasher,XUFFUUR,https://upload.wikimedia.org/wikipedia/commons/b/bb/Toxostoma_rufum_-Garland%2C_Texas%2C_USA-8.jpg,https://ebird.org/species/brnthr,https://en.wikipedia.org/wiki/Brown_thrasher,https://www.allaboutbirds.org/guide/Brown_Thrasher/overview,,,6 - extremely rare,4 - uncommon,3 - fairly common,3 - fairly common,4 - uncommon,4 - uncommon,5 - rare
Northern Mockingbird,--RRRX-,https://upload.wikimedia.org/wikipedia/commons/0/09/Mimus_polyglottos_adult_02_cropped.jpg,https://ebird.org/species/normoc,https://en.wikipedia.org/wiki/Northern_mockingbird,https://www.allaboutbirds.org/guide/Northern_Mockingbird/overview,,,,,5 - rare,5 - rare,5 - rare,6 - extremely rare,
Eastern Bluebird,RFFFFFR,https://upload.wikimedia.org/wikipedia/commons/0/00/Sialia_sialis_-Michigan%2C_USA_-pair-8c.jpg,https://ebird.org/species/easblu/,https://en.wikipedia.org/wiki/Eastern_bluebird,https://www.allaboutbirds.org/guide/Eastern_Bluebird/overview,,,5 - rare,3 - fairly common,3 - fairly common,3 - fairly common,3 - fairly common,3 - fairly common,5 - rare
Veery,--FRRU-,https://upload.wikimedia.org/wikipedia/commons/3/3f/Catharus_fuscescens_CT.jpg,https://ebird.org/species/veery,https://en.wikipedia.org/wiki/Veery,https://www.allaboutbirds.org/guide/veery/overview,,,,,3 - fairly common,5 - rare,5 - rare,4 - uncommon,
Gray-cheeked Thrush,--U--UR,https://upload.wikimedia.org/wikipedia/commons/5/5a/Graycheekedthrush36.jpg,https://ebird.org/species/gycthr,https://en.wikipedia.org/wiki/Grey-cheeked_thrush,https://www.allaboutbirds.org/guide/gray-cheeked_thrush/overview#,,,,,4 - uncommon,,,4 - uncommon,5 - rare
Swainson's Thrush,--F--FR,https://upload.wikimedia.org/wikipedia/commons/3/35/Catharus_ustulatus_-North_Dakota-8a.jpg,https://ebird.org/species/swathr,https://en.wikipedia.org/wiki/Swainson's_thrush,https://www.allaboutbirds.org/guide/swainsons_thrush/overview,,,,,3 - fairly common,,,3 - fairly common,5 - rare
Hermit Thrush,RRF--FF,https://upload.wikimedia.org/wikipedia/commons/d/d3/Hermit_thrush_qmnonic.jpg,https://ebird.org/species/herthr,https://en.wikipedia.org/wiki/Hermit_thrush,https://www.allaboutbirds.org/guide/Hermit_Thrush/overview,,,5 - rare,5 - rare,3 - fairly common,,,3 - fairly common,3 - fairly common
Wood Thrush,--FFUR-,https://upload.wikimedia.org/wikipedia/commons/3/30/Hylocichla_mustelina_%28cropped%29.jpg,https://ebird.org/species/woothr,https://en.wikipedia.org/wiki/Wood_thrush,https://www.allaboutbirds.org/guide/Wood_Thrush/overview#,,,,,3 - fairly common,3 - fairly common,4 - uncommon,5 - rare,
American Robin,UCAAAAF,https://upload.wikimedia.org/wikipedia/commons/b/b8/Turdus-migratorius-002.jpg,https://ebird.org/species/amerob,https://en.wikipedia.org/wiki/American_robin,https://www.allaboutbirds.org/guide/American_Robin/overview#,,,4 - uncommon,2 - common,1 - abundant,1 - abundant,1 - abundant,1 - abundant,3 - fairly common
Cedar Waxwing,UUFFFFF,https://upload.wikimedia.org/wikipedia/commons/7/73/Cedar_Waxwing_-_Bombycilla_cedrorum%2C_George_Washington%27s_Birthplace_National_Monument%2C_Colonial_Beach%2C_Virginia_%2839997434862%29.jpg,https://ebird.org/species/cedwax,https://en.wikipedia.org/wiki/Cedar_waxwing,https://www.allaboutbirds.org/guide/Cedar_Waxwing/overview,,,4 - uncommon,4 - uncommon,3 - fairly common,3 - fairly common,3 - fairly common,3 - fairly common,3 - fairly common
House Sparrow,CCCCCCC,https://upload.wikimedia.org/wikipedia/commons/6/6e/Passer_domesticus_male_%2815%29.jpg,https://ebird.org/species/houspa/L1352153,https://en.wikipedia.org/wiki/House_sparrow,https://www.allaboutbirds.org/guide/House_Sparrow/overview,,,2 - common,2 - common,2 - common,2 - common,2 - common,2 - common,2 - common
American Pipit,XXR--RU,https://upload.wikimedia.org/wikipedia/commons/0/07/Anthus_rubescens_-Harney_County%2C_Oregon%2C_USA-8.jpg,https://ebird.org/species/amepip,https://en.wikipedia.org/wiki/Buff-bellied_pipit,https://www.allaboutbirds.org/guide/American_Pipit/overview,,,6 - extremely rare,6 - extremely rare,5 - rare,,,5 - rare,4 - uncommon
House Finch,FCCCCCF,,https://ebird.org/species/houfin,https://en.wikipedia.org/wiki/House_finch,https://www.allaboutbirds.org/guide/House_Finch/overview,https://upload.wikimedia.org/wikipedia/commons/3/30/Carpodacus_mexicanus_-Madison%2C_Wisconsin%2C_USA-8.jpg,https://upload.wikimedia.org/wikipedia/commons/9/99/House_Finch%2C_Stratham%2C_NH.jpg,3 - fairly common,2 - common,2 - common,2 - common,2 - common,2 - common,3 - fairly common
Purple Finch,RRU--UR,,https://ebird.org/species/purfin,https://en.wikipedia.org/wiki/Purple_finch,https://www.allaboutbirds.org/guide/Purple_Finch/overview,https://upload.wikimedia.org/wikipedia/commons/4/42/Carpodacus_purpureus_CT3.jpg,https://upload.wikimedia.org/wikipedia/commons/d/dd/Carpodacus_purpureus_CT4.jpg,5 - rare,5 - rare,4 - uncommon,,,4 - uncommon,5 - rare
Common Redpoll,FU----U,https://upload.wikimedia.org/wikipedia/commons/f/f8/Carduelis_flammea_CT6.jpg,https://ebird.org/species/comred/,https://en.wikipedia.org/wiki/Common_redpoll,https://www.allaboutbirds.org/guide/Common_Redpoll/overview,,,3 - fairly common,4 - uncommon,,,,,4 - uncommon
Red Crossbill,URX---R,,https://ebird.org/species/redcro/,https://en.wikipedia.org/wiki/Red_crossbill,https://www.allaboutbirds.org/guide/Red_Crossbill/overview#,https://upload.wikimedia.org/wikipedia/commons/4/49/Red_Crossbills_%28Male%29.jpg,https://upload.wikimedia.org/wikipedia/commons/9/9b/Red_Crossbill_%28Female%29.jpg,4 - uncommon,5 - rare,6 - extremely rare,,,,5 - rare
White-winged Crossbill,UR-----,,https://ebird.org/species/whwcro,https://en.wikipedia.org/wiki/Two-barred_crossbill,https://www.allaboutbirds.org/guide/White-winged_Crossbill/overview,https://upload.wikimedia.org/wikipedia/commons/4/46/Whitewingedcrossbillmale09.jpg,https://upload.wikimedia.org/wikipedia/commons/1/10/White-winged_Crossbill_-_female.jpg,4 - uncommon,5 - rare,,,,,
Pine Siskin,FFRXXXF,https://upload.wikimedia.org/wikipedia/commons/2/2e/Carduelis_pinus_CT7.jpg,https://ebird.org/species/pinsis,https://en.wikipedia.org/wiki/Pine_siskin,https://www.allaboutbirds.org/guide/Pine_Siskin/overview,,,3 - fairly common,3 - fairly common,5 - rare,6 - extremely rare,6 - extremely rare,6 - extremely rare,3 - fairly common
American Goldfinch,FFCCCCC,,https://ebird.org/species/amegfi,https://en.wikipedia.org/wiki/American_goldfinch,https://www.allaboutbirds.org/guide/American_Goldfinch/overview,https://upload.wikimedia.org/wikipedia/commons/a/a0/Male_American_Goldfinch_in_Lodi_CA.JPG,https://upload.wikimedia.org/wikipedia/commons/b/b1/Female_american_goldfinch.jpg,3 - fairly common,3 - fairly common,2 - common,2 - common,2 - common,2 - common,2 - common
Lapland Longspur,URX---U,,https://ebird.org/species/laplon,https://en.wikipedia.org/wiki/Lapland_longspur,https://www.allaboutbirds.org/guide/Lapland_Longspur/overview,https://upload.wikimedia.org/wikipedia/commons/6/61/Lapland_Longspur_-_Calcarius_lapponicus_-_Sportittlingur_1.jpg,https://upload.wikimedia.org/wikipedia/commons/f/ff/Calcarius_lapponicus_%28female%29_1996-07-25.jpg,4 - uncommon,5 - rare,6 - extremely rare,,,,4 - uncommon
Snow Bunting,UR----U,,,https://en.wikipedia.org/wiki/Snow_bunting,https://www.allaboutbirds.org/guide/Snow_Bunting/overview,https://upload.wikimedia.org/wikipedia/commons/0/0f/Plectrophenax_nivalis1.jpg,https://upload.wikimedia.org/wikipedia/commons/4/45/SnowBunting-MtA.jpg,4 - uncommon,5 - rare,,,,,4 - uncommon
Grasshopper Sparrow,--FUUR-,https://upload.wikimedia.org/wikipedia/commons/c/c2/Grasshopper_Sparrow.jpg,https://ebird.org/species/graspa,https://en.wikipedia.org/wiki/Grasshopper_sparrow,https://www.allaboutbirds.org/guide/Grasshopper_Sparrow/overview,,,,,3 - fairly common,4 - uncommon,4 - uncommon,5 - rare,
Chipping Sparrow,-UFFFUR,https://upload.wikimedia.org/wikipedia/commons/2/29/Spizella-passerina-015_edit.jpg,https://ebird.org/species/chispa/,https://en.wikipedia.org/wiki/Chipping_sparrow,https://www.allaboutbirds.org/guide/Chipping_Sparrow/overview,,,,4 - uncommon,3 - fairly common,3 - fairly common,3 - fairly common,4 - uncommon,5 - rare
Clay-colored Sparrow,--URXRR,https://upload.wikimedia.org/wikipedia/commons/e/eb/Spizella_pallida4_edit.jpg,https://ebird.org/species/clcspa,https://en.wikipedia.org/wiki/Clay-colored_sparrow,https://www.allaboutbirds.org/guide/Clay-colored_Sparrow/overview,,,,,4 - uncommon,5 - rare,6 - extremely rare,5 - rare,5 - rare
Field Sparrow,RRCFFUU,https://upload.wikimedia.org/wikipedia/commons/a/ad/Field_sparrow_head.JPG,https://ebird.org/species/fiespa,https://en.wikipedia.org/wiki/Field_sparrow,https://www.allaboutbirds.org/guide/Field_Sparrow/overview,,,5 - rare,5 - rare,2 - common,3 - fairly common,3 - fairly common,4 - uncommon,4 - uncommon
Lark Sparrow,--RR---,https://upload.wikimedia.org/wikipedia/commons/7/79/LarkSparrow.jpg,https://ebird.org/species/larspa,https://en.wikipedia.org/wiki/Lark_sparrow,https://www.allaboutbirds.org/guide/Lark_Sparrow/overview,,,,,5 - rare,5 - rare,,,
American Tree Sparrow,CFX---F,https://upload.wikimedia.org/wikipedia/commons/c/cf/Spizella-arborea-002_edit2.jpg,https://ebird.org/species/amtspa,https://en.wikipedia.org/wiki/American_tree_sparrow,https://www.allaboutbirds.org/guide/American_Tree_Sparrow/overview,,,2 - common,3 - fairly common,6 - extremely rare,,,,3 - fairly common
Fox Sparrow,RFX---F,https://upload.wikimedia.org/wikipedia/commons/1/13/Passerella_iliaca-001.jpg,https://ebird.org/species/foxspa,https://en.wikipedia.org/wiki/Fox_sparrow,https://www.allaboutbirds.org/guide/Fox_Sparrow/overview,,,5 - rare,3 - fairly common,6 - extremely rare,,,,3 - fairly common
Dark-eyed Junco,CCR---C,,https://ebird.org/species/daejun,https://en.wikipedia.org/wiki/Dark-eyed_junco,https://www.allaboutbirds.org/guide/Dark-eyed_Junco/overview,https://upload.wikimedia.org/wikipedia/commons/f/ff/Dark-eyed_Junco-27527.jpg,https://upload.wikimedia.org/wikipedia/commons/0/04/Junco_hyemalis_hyemalis_CT2.jpg,2 - common,2 - common,5 - rare,,,,2 - common
White-crowned Sparrow,RRF---F,https://upload.wikimedia.org/wikipedia/commons/9/92/White-crowned-Sparrow.jpg,https://ebird.org/species/whcspa,https://en.wikipedia.org/wiki/White-crowned_sparrow,https://www.allaboutbirds.org/guide/White-crowned_Sparrow/overview,,,5 - rare,5 - rare,3 - fairly common,,,,3 - fairly common
Harris's Sparrow,X-----X,https://upload.wikimedia.org/wikipedia/commons/9/99/Harris%27s_Sparrow_%2814u0779_std%29_%28cropped%29.jpg,https://ebird.org/species/harspa/,https://en.wikipedia.org/wiki/Harris's_sparrow,https://www.allaboutbirds.org/guide/Harriss_Sparrow/overview,,,6 - extremely rare,,,,,,6 - extremely rare
White-throated Sparrow,UUC--UC,https://upload.wikimedia.org/wikipedia/commons/f/f3/Zonotrichia_albicollis_CT1.jpg,https://ebird.org/species/whtspa,https://en.wikipedia.org/wiki/White-throated_sparrow,https://www.allaboutbirds.org/guide/White-throated_Sparrow/overview,,,4 - uncommon,4 - uncommon,2 - common,,,4 - uncommon,2 - common
Vesper Sparrow,-RURRUR,https://upload.wikimedia.org/wikipedia/commons/c/cd/Pooecetes_gramineus_-USA-8.jpg,https://ebird.org/species/vesspa,https://en.wikipedia.org/wiki/Vesper_sparrow,https://www.allaboutbirds.org/guide/Vesper_Sparrow/overview,,,,5 - rare,4 - uncommon,5 - rare,5 - rare,4 - uncommon,5 - rare
Le Conte's Sparrow,--R---R,https://upload.wikimedia.org/wikipedia/commons/c/cd/LESP-Erickson.jpg,https://ebird.org/species/lecspa,https://en.wikipedia.org/wiki/LeConte%27s_sparrow,https://www.allaboutbirds.org/guide/LeContes_Sparrow/overview,,,,,5 - rare,,,,5 - rare
Nelson's Sparrow,--X--RU,https://upload.wikimedia.org/wikipedia/commons/8/8c/Ammodramus_nelsoni_-Riverlands_Migratory_Bird_Sanctuary%2C_Missouri%2C_USA-8_%281%29.jpg,https://ebird.org/species/nstspa,https://en.wikipedia.org/wiki/Nelson's_sparrow,https://www.allaboutbirds.org/guide/Nelsons_Sparrow/overview,,,,,6 - extremely rare,,,5 - rare,4 - uncommon
Savannah Sparrow,XUFFUFR,https://upload.wikimedia.org/wikipedia/commons/a/af/Passerculus_sandwichensis_crop.jpg,https://ebird.org/species/savspa,https://en.wikipedia.org/wiki/Savannah_sparrow,https://www.allaboutbirds.org/guide/Savannah_Sparrow/overview,,,6 - extremely rare,4 - uncommon,3 - fairly common,3 - fairly common,4 - uncommon,3 - fairly common,5 - rare
Henslow's Sparrow,--FFFR-,https://upload.wikimedia.org/wikipedia/commons/2/25/Henslows_Sparrow_%28Ammodramus_henslowii%29_%285752598436%29.jpg,https://ebird.org/species/henspa,https://en.wikipedia.org/wiki/Henslow's_sparrow,https://www.allaboutbirds.org/guide/Henslows_Sparrow/overview,,,,,3 - fairly common,3 - fairly common,3 - fairly common,5 - rare,
Song Sparrow,UFCCCCF,https://upload.wikimedia.org/wikipedia/commons/a/a4/Melospiza-melodia-001.jpg,https://ebird.org/species/sonspa,https://en.wikipedia.org/wiki/Song_sparrow,https://www.allaboutbirds.org/guide/Song_Sparrow/overview,,,4 - uncommon,3 - fairly common,2 - common,2 - common,2 - common,2 - common,3 - fairly common
Lincoln's Sparrow,X-U--UF,https://upload.wikimedia.org/wikipedia/commons/5/53/Lincoln%27s_Sparrow_at_bird_feeder.jpg,https://ebird.org/species/linspa,https://en.wikipedia.org/wiki/Lincoln's_sparrow,https://www.allaboutbirds.org/guide/Lincolns_Sparrow/overview,,,6 - extremely rare,,4 - uncommon,,,4 - uncommon,3 - fairly common
Swamp Sparrow,UUFUUFF,https://upload.wikimedia.org/wikipedia/commons/b/bc/Melospiza_georgiana_MN1.jpg,https://ebird.org/species/swaspa,https://en.wikipedia.org/wiki/Swamp_sparrow,https://www.allaboutbirds.org/guide/Swamp_Sparrow/overview,,,4 - uncommon,4 - uncommon,3 - fairly common,4 - uncommon,4 - uncommon,3 - fairly common,3 - fairly common
Eastern Towhee,XUFFUUR,,https://ebird.org/species/eastow,https://en.wikipedia.org/wiki/Eastern_towhee,https://www.allaboutbirds.org/guide/Eastern_Towhee/overview,https://upload.wikimedia.org/wikipedia/commons/2/21/Pipilo_erythrophthalmus_-Quabbin_Reservoir%2C_Massachusetts%2C_USA_-male-8.jpg,https://upload.wikimedia.org/wikipedia/commons/7/79/Eastern_Towhee-27527.jpg,6 - extremely rare,4 - uncommon,3 - fairly common,3 - fairly common,4 - uncommon,4 - uncommon,5 - rare
Yellow-breasted Chat,--URRX-,https://upload.wikimedia.org/wikipedia/commons/f/fb/Yellow-Breasted-Chat-Oregon.jpg,https://ebird.org/species/yebcha,https://en.wikipedia.org/wiki/Yellow-breasted_chat,https://www.allaboutbirds.org/guide/Yellow-breasted_Chat/overview,,,,,4 - uncommon,5 - rare,5 - rare,6 - extremely rare,
Yellow-headed Blackbird,-RRR---,,https://ebird.org/species/yehbla,https://en.wikipedia.org/wiki/Yellow-headed_blackbird,https://www.allaboutbirds.org/guide/yellow-headed_blackbird/overview,https://upload.wikimedia.org/wikipedia/commons/3/3b/Male_Yellow-headed_Blackbird.jpg,https://upload.wikimedia.org/wikipedia/commons/2/29/Yellow-headed_Blackbird_-_female.jpg,,5 - rare,5 - rare,5 - rare,,,
Bobolink,--FFUU-,,https://ebird.org/species/boboli,https://en.wikipedia.org/wiki/Bobolink,https://www.allaboutbirds.org/guide/Bobolink/overview,https://upload.wikimedia.org/wikipedia/commons/6/6b/Bobolink%2C_Mer_Bleue.jpg,https://upload.wikimedia.org/wikipedia/commons/8/81/Bobolink_%28F%29.jpg,,,3 - fairly common,3 - fairly common,4 - uncommon,4 - uncommon,
Western Meadowlark,-XXXXX-,https://upload.wikimedia.org/wikipedia/commons/4/46/Western_Meadowlark.jpg,https://ebird.org/species/wesmea,https://en.wikipedia.org/wiki/Western_meadowlark,https://www.allaboutbirds.org/guide/Western_Meadowlark/overview,,,,6 - extremely rare,6 - extremely rare,6 - extremely rare,6 - extremely rare,6 - extremely rare,
Eastern Meadowlark,RUFFFFU,https://upload.wikimedia.org/wikipedia/commons/1/17/Sturnella_magna_-Mexico-8.jpg,https://ebird.org/species/easmea,https://en.wikipedia.org/wiki/Eastern_meadowlark,https://www.allaboutbirds.org/guide/Eastern_Meadowlark/overview,,,5 - rare,4 - uncommon,3 - fairly common,3 - fairly common,3 - fairly common,3 - fairly common,4 - uncommon
Orchard Oriole,--FUU--,https://upload.wikimedia.org/wikipedia/commons/6/6f/Orchard_Oriole_by_Dan_Pancamo_1.jpg,https://ebird.org/species/orcori,https://en.wikipedia.org/wiki/Orchard_oriole,https://www.allaboutbirds.org/guide/Orchard_Oriole/overview,,,,,3 - fairly common,4 - uncommon,4 - uncommon,,
Baltimore Oriole,--FUU--,,https://ebird.org/species/balori,https://en.wikipedia.org/wiki/Baltimore_oriole,https://www.allaboutbirds.org/guide/Baltimore_Oriole/overview,https://upload.wikimedia.org/wikipedia/commons/6/66/Icterus-galbula-002.jpg,https://upload.wikimedia.org/wikipedia/commons/e/e3/Icterus_galbula1.jpg,,,3 - fairly common,4 - uncommon,4 - uncommon,,
Red-winged Blackbird,RAACCCF,,https://ebird.org/species/rewbla,https://ebird.org/species/rewbla,https://www.allaboutbirds.org/guide/Red-winged_Blackbird/overview,https://upload.wikimedia.org/wikipedia/commons/6/60/Agelaius_phoeniceus_0110_taxo.jpg,https://upload.wikimedia.org/wikipedia/commons/d/db/Agelaius_phoeniceus2.jpg,5 - rare,1 - abundant,1 - abundant,2 - common,2 - common,2 - common,3 - fairly common
Brown-headed Cowbird,RCCFFFF,,https://ebird.org/species/bnhcow,https://en.wikipedia.org/wiki/Brown-headed_cowbird,https://www.allaboutbirds.org/guide/Brown-headed_Cowbird/overview,https://upload.wikimedia.org/wikipedia/commons/8/88/Molothrus_ater_2.jpg,https://upload.wikimedia.org/wikipedia/commons/f/f6/Molothrus_ater1.jpg,5 - rare,2 - common,2 - common,3 - fairly common,3 - fairly common,3 - fairly common,3 - fairly common
Rusty Blackbird,RUU--RU,https://upload.wikimedia.org/wikipedia/commons/b/b7/Euphagus-carolinus-001.jpg,https://ebird.org/species/rusbla/,https://en.wikipedia.org/wiki/Rusty_blackbird,https://www.allaboutbirds.org/guide/Rusty_Blackbird/overview,,,5 - rare,4 - uncommon,4 - uncommon,,,5 - rare,4 - uncommon
Brewer's Blackbird,XRX---R,,https://ebird.org/species/brebla,https://en.wikipedia.org/wiki/Brewer's_blackbird,https://www.allaboutbirds.org/guide/Brewers_Blackbird/overview,https://upload.wikimedia.org/wikipedia/commons/3/33/Brewers_Blackbird_Esquimalt_Lagoon.jpg,https://upload.wikimedia.org/wikipedia/commons/e/e8/Euphagus_cyanocephalus_-San_Luis_Obispo_-California-8a.jpg,6 - extremely rare,5 - rare,6 - extremely rare,,,,5 - rare
Common Grackle,RACCFCF,https://upload.wikimedia.org/wikipedia/commons/f/fd/Quiscalus-quiscula-001.jpg,https://ebird.org/species/comgra,https://en.wikipedia.org/wiki/Common_grackle,https://www.allaboutbirds.org/guide/Common_Grackle/overview,,,5 - rare,1 - abundant,2 - common,2 - common,3 - fairly common,2 - common,3 - fairly common
Ovenbird,--FRRFR,https://upload.wikimedia.org/wikipedia/commons/c/c4/Ovenbird_RWD2011b.jpg,https://ebird.org/species/ovenbi1,https://en.wikipedia.org/wiki/Ovenbird,https://www.allaboutbirds.org/guide/Ovenbird/overview,,,,,3 - fairly common,5 - rare,5 - rare,3 - fairly common,5 - rare
Worm-eating Warbler,--R----,https://upload.wikimedia.org/wikipedia/commons/7/71/Worm-eating_Warbler.jpg,https://ebird.org/species/woewar1,https://en.wikipedia.org/wiki/Worm-eating_warbler,https://www.allaboutbirds.org/guide/Worm-eating_Warbler/overview,,,,,5 - rare,,,,
Louisiana Waterthrush,-RRR---,https://upload.wikimedia.org/wikipedia/commons/a/a4/Seiurus_motacillaEMP17CB.jpg,https://ebird.org/species/louwat/,https://en.wikipedia.org/wiki/Louisiana_waterthrush,https://www.allaboutbirds.org/guide/Louisiana_Waterthrush/overview,,,,5 - rare,5 - rare,5 - rare,,,
Northern Waterthrush,--F--FR,https://upload.wikimedia.org/wikipedia/commons/b/b4/Northern_Waterthrush%2C_Parkesia_noveboracensis.jpg,https://ebird.org/species/norwat,https://en.wikipedia.org/wiki/Northern_waterthrush,https://www.allaboutbirds.org/guide/Northern_Waterthrush/overview,,,,,3 - fairly common,,,3 - fairly common,5 - rare
Golden-winged Warbler,--F--U-,,https://ebird.org/species/gowwar,https://en.wikipedia.org/wiki/Golden-winged_warbler,https://www.allaboutbirds.org/guide/Golden-winged_Warbler/overview,https://upload.wikimedia.org/wikipedia/commons/8/89/Golden-winged_Warbler%2C_Rock_Crusher_Rd.%2C_Sagola%2C_Iron_Co.%2C_MI%2C_21_May_2015_%2818195370525%29.jpg,https://upload.wikimedia.org/wikipedia/commons/f/f9/8G7D2461.jpg,,,3 - fairly common,,,4 - uncommon,
Blue-winged Warbler,--FR-U-,https://upload.wikimedia.org/wikipedia/commons/1/13/Vermivora_cyanoptera_-North_Berwick%2C_Maine%2C_USA-8.jpg,https://ebird.org/species/buwwar,https://en.wikipedia.org/wiki/Blue-winged_warbler,https://www.allaboutbirds.org/guide/Blue-winged_Warbler/overview,,,,,3 - fairly common,5 - rare,,4 - uncommon,
Black-and-white Warbler,-RF-RF-,https://upload.wikimedia.org/wikipedia/commons/b/ba/Black-and-white_Warbler_2.jpg,https://ebird.org/species/bawwar,https://en.wikipedia.org/wiki/Black-and-white_warbler,https://www.allaboutbirds.org/guide/Black-and-white_Warbler/overview,,,,5 - rare,3 - fairly common,,5 - rare,3 - fairly common,
Prothonotary Warbler,--RR-X-,,https://ebird.org/species/prowar,https://en.wikipedia.org/wiki/Prothonotary_warbler,https://www.allaboutbirds.org/guide/Prothonotary_Warbler/overview,https://upload.wikimedia.org/wikipedia/commons/b/bb/Prothonotary_Warbler.jpg,https://upload.wikimedia.org/wikipedia/commons/5/55/Protonotaria-citrea-002_edit.jpg,,,5 - rare,5 - rare,,6 - extremely rare,
Tennessee Warbler,--C--CU,,https://ebird.org/species/tenwar/,https://en.wikipedia.org/wiki/Tennessee_warbler,https://www.allaboutbirds.org/guide/Tennessee_Warbler/overview,https://upload.wikimedia.org/wikipedia/commons/0/0f/Tennessee_Warbler_2.jpg,https://upload.wikimedia.org/wikipedia/commons/4/4f/Tennessee_Warbler_%2820318546674%29.jpg,,,2 - common,,,2 - common,4 - uncommon
Orange-crowned Warbler,--U--RU,https://upload.wikimedia.org/wikipedia/commons/b/bb/Orange-crowned_warbler1.jpg,https://ebird.org/species/orcwar/,https://en.wikipedia.org/wiki/Orange-crowned_warbler,https://www.allaboutbirds.org/guide/Orange-crowned_Warbler/overview,,,,,4 - uncommon,,,5 - rare,4 - uncommon
Nashville Warbler,--F--FR,https://upload.wikimedia.org/wikipedia/commons/8/86/Vermivora_ruficapilla_Winema_National_Forest_%28cropped%29.jpg,https://ebird.org/species/naswar/,https://en.wikipedia.org/wiki/Nashville_warbler,https://www.allaboutbirds.org/guide/Nashville_Warbler/overview,,,,,3 - fairly common,,,3 - fairly common,5 - rare
Connecticut Warbler,--U--RX,https://upload.wikimedia.org/wikipedia/commons/5/5f/Oporornis_agilis_Youghiogheny_River_MD.jpg,https://ebird.org/species/conwar/,https://en.wikipedia.org/wiki/Connecticut_warbler,https://www.allaboutbirds.org/guide/Connecticut_Warbler/overview,,,,,4 - uncommon,,,5 - rare,6 - extremely rare
Mourning Warbler,--U--RX,https://upload.wikimedia.org/wikipedia/commons/f/f4/Oporornis_philadelphiaAAP100CB1.jpg,https://ebird.org/species/mouwar,https://en.wikipedia.org/wiki/Mourning_warbler,https://www.allaboutbirds.org/guide/Mourning_Warbler/overview,,,,,4 - uncommon,,,5 - rare,6 - extremely rare
Kentucky Warbler,--RX---,https://upload.wikimedia.org/wikipedia/commons/f/fe/Oporornis_formosus_FWS.jpg,https://ebird.org/species/kenwar,https://en.wikipedia.org/wiki/Kentucky_warbler,https://www.allaboutbirds.org/guide/Kentucky_Warbler/overview,,,,,5 - rare,6 - extremely rare,,,
Common Yellowthroat,X-CCFFR,,https://ebird.org/species/comyel,https://en.wikipedia.org/wiki/Common_yellowthroat,https://www.allaboutbirds.org/guide/Common_Yellowthroat/overview,https://upload.wikimedia.org/wikipedia/commons/d/d8/Common_Yellowthroat_by_Dan_Pancamo.jpg,https://upload.wikimedia.org/wikipedia/commons/5/57/Female_Common_Yellowthroat.jpg,6 - extremely rare,,2 - common,2 - common,3 - fairly common,3 - fairly common,5 - rare
Hooded Warbler,--RR-X-,https://upload.wikimedia.org/wikipedia/commons/d/db/Hooded_Warbler.jpg,https://ebird.org/species/hoowar,https://en.wikipedia.org/wiki/Hooded_warbler,https://www.allaboutbirds.org/guide/Hooded_Warbler/overview,,,,,5 - rare,5 - rare,,6 - extremely rare,
American Redstart,X-CRRC-,,https://ebird.org/species/amered,https://en.wikipedia.org/wiki/American_redstart,https://www.allaboutbirds.org/guide/American_Redstart/overview,https://upload.wikimedia.org/wikipedia/commons/c/cd/Setophaga_ruticilla_-Chiquimula%2C_Guatemala_-male-8-4c.jpg,https://upload.wikimedia.org/wikipedia/commons/7/72/Setophaga_ruticilla_%28femelle%29.jpg,6 - extremely rare,,2 - common,5 - rare,5 - rare,2 - common,
Cape May Warbler,--U-XU-,,https://ebird.org/species/camwar,https://en.wikipedia.org/wiki/Cape_May_warbler,https://www.allaboutbirds.org/guide/Cape_May_Warbler/overview,https://upload.wikimedia.org/wikipedia/commons/a/a1/Dendroica_tigrina_FWS.jpg,https://upload.wikimedia.org/wikipedia/commons/e/eb/Cape_May_Warbler_RWD3.jpg,,,4 - uncommon,,6 - extremely rare,4 - uncommon,
Cerulean Warbler,--R--X-,https://upload.wikimedia.org/wikipedia/commons/f/f3/Dendroica-cerulea-002.jpg,https://ebird.org/species/cerwar,https://en.wikipedia.org/wiki/Cerulean_warbler,https://www.allaboutbirds.org/guide/Cerulean_Warbler/overview,,,,,5 - rare,,,6 - extremely rare,
Northern Parula,--UR-U-,https://upload.wikimedia.org/wikipedia/commons/6/6f/Northern_Parula_by_Dan_Pancamo.jpg,https://ebird.org/species/norpar,https://en.wikipedia.org/wiki/Northern_parula,https://www.allaboutbirds.org/guide/Northern_Parula/overview,,,,,4 - uncommon,5 - rare,,4 - uncommon,
Magnolia Warbler,--F--FR,https://upload.wikimedia.org/wikipedia/commons/7/72/Dendroica_magnolia_MN.jpg,https://ebird.org/species/magwar,https://en.wikipedia.org/wiki/Magnolia_warbler,https://www.allaboutbirds.org/guide/Magnolia_Warbler/overview,,,,,3 - fairly common,,,3 - fairly common,5 - rare
Bay-breasted Warbler,--F--F-,https://upload.wikimedia.org/wikipedia/commons/a/af/Dendroica-castanea-001.jpg,https://ebird.org/species/babwar/,https://en.wikipedia.org/wiki/Bay-breasted_warbler,https://www.allaboutbirds.org/guide/Bay-breasted_Warbler/overview,,,,,3 - fairly common,,,3 - fairly common,
Blackburnian Warbler,--F--F-,https://upload.wikimedia.org/wikipedia/commons/f/fe/Dendroica-fusca-001.jpg,https://ebird.org/species/bkbwar,https://en.wikipedia.org/wiki/Blackburnian_warbler,https://www.allaboutbirds.org/guide/Blackburnian_Warbler/overview,,,,,3 - fairly common,,,3 - fairly common,
Yellow Warbler,--CFFU-,https://upload.wikimedia.org/wikipedia/commons/a/a3/Dendroica-aestiva-001.jpg,https://ebird.org/species/yelwar,https://en.wikipedia.org/wiki/American_yellow_warbler,https://www.allaboutbirds.org/guide/Yellow_Warbler/overview,,,,,2 - common,3 - fairly common,3 - fairly common,4 - uncommon,
Chestnut-sided Warbler,--FR-F-,https://upload.wikimedia.org/wikipedia/commons/9/95/Dendroica-pensylvanica-003.jpg,https://ebird.org/species/chswar,https://en.wikipedia.org/wiki/Chestnut-sided_warbler,https://www.allaboutbirds.org/guide/Chestnut-sided_Warbler/overview,,,,,3 - fairly common,5 - rare,,3 - fairly common,
Blackpoll Warbler,--F--FR,https://upload.wikimedia.org/wikipedia/commons/4/46/Dendroica_striata_MN.jpg,https://ebird.org/species/bkpwar,https://en.wikipedia.org/wiki/Blackpoll_warbler,https://www.allaboutbirds.org/guide/Blackpoll_Warbler/overview,,,,,3 - fairly common,,,3 - fairly common,5 - rare
Black-throated Blue Warbler,--U--UX,,https://ebird.org/species/btbwar,https://en.wikipedia.org/wiki/Black-throated_blue_warbler,https://www.allaboutbirds.org/guide/Black-throated_Blue_Warbler/overview,https://upload.wikimedia.org/wikipedia/commons/3/3c/Black-throated_Blue_Warbler%2C_Parc_%C3%89coforestier_de_Johnville%2C_Quebec%2C_Canada.jpg,https://upload.wikimedia.org/wikipedia/commons/1/1a/BlackThroatedBlueFemale.jpg,,,4 - uncommon,,,4 - uncommon,6 - extremely rare
Palm Warbler,--C--FU,https://upload.wikimedia.org/wikipedia/commons/5/5c/Palm_Warbler%2C_Indiatlatlantic.jpg,https://ebird.org/species/palwar,https://en.wikipedia.org/wiki/Palm_warbler,https://www.allaboutbirds.org/guide/Palm_Warbler/overview,,,,,2 - common,,,3 - fairly common,4 - uncommon
Pine Warbler,-RURXUR,https://upload.wikimedia.org/wikipedia/commons/8/8e/Dendroica_pinus.jpg,https://ebird.org/species/pinwar/,https://en.wikipedia.org/wiki/Pine_warbler,https://www.allaboutbirds.org/guide/Pine_Warbler/overview,,,,5 - rare,4 - uncommon,5 - rare,6 - extremely rare,4 - uncommon,5 - rare
Yellow-rumped Warbler,RUA--UC,https://upload.wikimedia.org/wikipedia/commons/6/62/Audubon%27s_Warbler_Setophaga_auduboni.jpg,https://ebird.org/species/yerwar,https://en.wikipedia.org/wiki/Yellow-rumped_warbler,https://www.allaboutbirds.org/guide/Yellow-rumped_Warbler/overview,,,5 - rare,4 - uncommon,1 - abundant,,,4 - uncommon,2 - common
Yellow-throated Warbler,--RR-X-,https://upload.wikimedia.org/wikipedia/commons/8/8a/Yellow-throated_Warbler_2.jpg,https://ebird.org/species/yetwar,https://en.wikipedia.org/wiki/Yellow-throated_warbler,https://www.allaboutbirds.org/guide/Yellow-throated_Warbler/overview,,,,,5 - rare,5 - rare,,6 - extremely rare,
Prairie Warbler,--R--X-,https://upload.wikimedia.org/wikipedia/commons/e/e5/Prairie_warbler_%28Setophaga_discolor_paludicola%29_male_J.jpg,https://ebird.org/species/prawar/,https://en.wikipedia.org/wiki/Prairie_warbler,https://www.allaboutbirds.org/guide/Prairie_Warbler/overview,,,,,5 - rare,,,6 - extremely rare,
Black-throated Green Warbler,--F--FR,,https://ebird.org/species/btnwar,https://en.wikipedia.org/wiki/Black-throated_green_warbler,https://www.allaboutbirds.org/guide/Black-throated_Green_Warbler/overview,https://upload.wikimedia.org/wikipedia/commons/d/d2/Black-throated_Green_Warbler_by_Dan_Pancamo.jpg,https://upload.wikimedia.org/wikipedia/commons/9/9d/Black-throated_Green_Warbler_by_Dan_Pancamo_2.jpg,,,3 - fairly common,,,3 - fairly common,5 - rare
Canada Warbler,--U--U-,,https://ebird.org/species/canwar,https://en.wikipedia.org/wiki/Canada_warbler,https://www.allaboutbirds.org/guide/Canada_Warbler/overview,https://upload.wikimedia.org/wikipedia/commons/b/b1/8G7D5475-Canada.jpg,https://upload.wikimedia.org/wikipedia/commons/0/0d/Canada_Warbler_on_Bough.jpg,,,4 - uncommon,,,4 - uncommon,
Wilson's Warbler,--U--U-,https://upload.wikimedia.org/wikipedia/commons/8/85/Wilsonia_pusilla.jpg,https://ebird.org/species/wlswar,https://en.wikipedia.org/wiki/Wilson's_warbler,https://www.allaboutbirds.org/guide/Wilsons_Warbler/overview,,,,,4 - uncommon,,,4 - uncommon,
Summer Tanager,--RRRX-,,https://ebird.org/species/sumtan/,https://en.wikipedia.org/wiki/Summer_tanager,https://www.allaboutbirds.org/guide/Summer_Tanager/overview,https://upload.wikimedia.org/wikipedia/commons/0/09/Summer_Tanager_male_hephzibah.jpg,https://upload.wikimedia.org/wikipedia/commons/b/b3/Female_Summer_Tanager_%287093902581%29.jpg,,,5 - rare,5 - rare,5 - rare,6 - extremely rare,
Scarlet Tanager,--FRRUR,,https://ebird.org/species/scatan,https://en.wikipedia.org/wiki/Scarlet_tanager,https://www.allaboutbirds.org/guide/Scarlet_Tanager/overview,https://upload.wikimedia.org/wikipedia/commons/1/1c/7Z1E5997a.jpg,https://upload.wikimedia.org/wikipedia/commons/8/86/ScarletTanager_mosbo6.jpg,,,3 - fairly common,5 - rare,5 - rare,4 - uncommon,5 - rare
Northern Cardinal,CCCCCCC,,https://ebird.org/species/norcar,https://en.wikipedia.org/wiki/Northern_cardinal,https://www.allaboutbirds.org/guide/Northern_Cardinal/overview,https://upload.wikimedia.org/wikipedia/commons/d/da/Cardinal.jpg,https://upload.wikimedia.org/wikipedia/commons/f/f4/Cardinalis_cardinalis_-Florida%2C_USA_-female-8.jpg,2 - common,2 - common,2 - common,2 - common,2 - common,2 - common,2 - common
Rose-breasted Grosbeak,-RFUUFR,,https://ebird.org/species/robgro,https://en.wikipedia.org/wiki/Rose-breasted_grosbeak,https://www.allaboutbirds.org/guide/Rose-breasted_Grosbeak/overview,https://upload.wikimedia.org/wikipedia/commons/d/d3/RosebreastedGrosbeak08.jpg,https://upload.wikimedia.org/wikipedia/commons/5/56/Pheucticus_ludovicianus_CT2.jpg,,5 - rare,3 - fairly common,4 - uncommon,4 - uncommon,3 - fairly common,5 - rare
Blue Grosbeak,--RRRX-,,https://ebird.org/species/blugrb1/,https://en.wikipedia.org/wiki/Blue_grosbeak,https://www.allaboutbirds.org/guide/Blue_Grosbeak/overview,https://upload.wikimedia.org/wikipedia/commons/b/b9/Blue_Grosbeak_by_Dan_Pancamo.jpg,https://upload.wikimedia.org/wikipedia/commons/3/38/Blue_Grosbeak_female_RWD2.jpg,,,5 - rare,5 - rare,5 - rare,6 - extremely rare,
Indigo Bunting,--CCCFU,https://upload.wikimedia.org/wikipedia/commons/6/62/Passerina_cyaneaAAP086CA.jpg,https://ebird.org/species/indbun,https://en.wikipedia.org/wiki/Indigo_bunting,https://www.allaboutbirds.org/guide/Indigo_Bunting/overview,,,,,2 - common,2 - common,2 - common,3 - fairly common,4 - uncommon
Dickcissel,--FFFX-,https://upload.wikimedia.org/wikipedia/commons/2/26/DickcisselA.jpg,https://ebird.org/species/dickci/,https://en.wikipedia.org/wiki/Dickcissel,https://www.allaboutbirds.org/guide/Dickcissel/overview,,,,,3 - fairly common,3 - fairly common,3 - fairly common,6 - extremely rare,
Mute Swan,RURXXRR,https://upload.wikimedia.org/wikipedia/commons/3/35/Mute_swan_Vrhnika.jpg,https://ebird.org/species/mutswa,https://en.wikipedia.org/wiki/Mute_swan,https://www.allaboutbirds.org/guide/Mute_Swan/overview,,,5 - rare,4 - uncommon,5 - rare,6 - extremely rare,6 - extremely rare,5 - rare,5 - rare
Northern Shrike,RR----R,https://upload.wikimedia.org/wikipedia/commons/d/dc/Northern_Shrike%2C_Arvada%2C_Jefferson%2C_Colorado.jpg,https://ebird.org/species/norshr4,https://en.wikipedia.org/wiki/Northern_shrike,https://www.allaboutbirds.org/guide/Northern_Shrike/overview,,,5 - rare,5 - rare,,,,,5 - rare
